election_year,borough,ward,candidate,party,party_normalised,votes,elected,seat_position,ward_total_votes,vote_share_pct,rank_in_ward,winning_party,winning_margin,turnout_pct,verified_ballots,rejected_ballots,party_colour,source_url,data_status,previous_election_swing,geo_reference
2026,Greenwich,Abbey Wood,AYDIN Grace,Local Conservatives,Conservative Party,407,False,Not Elected,11916,3.42,10,Labour Party,128,37.0,4250,,#0087DC,https://www.royalgreenwich.gov.uk/council-and-elections/elections-and-voting/2026-local-elections-results,official_declared,,
2026,Greenwich,Abbey Wood,BEALES Annabel,Green Party,Green Party,1273,False,Not Elected,11916,10.68,4,Labour Party,128,37.0,4250,,#02A95B,https://www.royalgreenwich.gov.uk/council-and-elections/elections-and-voting/2026-local-elections-results,official_declared,,
2026,Greenwich,Abbey Wood,COUSINS Ann-Marie Imani,Independent,Independent,783,False,Not Elected,11916,6.57,9,Labour Party,128,37.0,4250,,#94A3B8,https://www.royalgreenwich.gov.uk/council-and-elections/elections-and-voting/2026-local-elections-results,official_declared,,
2026,Greenwich,Abbey Wood,CRESWELL Tom,Labour Party,Labour Party,1538,True,Elected,11916,12.91,1,Labour Party,128,37.0,4250,,#E4003B,https://www.royalgreenwich.gov.uk/council-and-elections/elections-and-voting/2026-local-elections-results,official_declared,,
2026,Greenwich,Abbey Wood,DAWODU Jummy,Labour Party,Labour Party,1410,True,Elected,11916,11.83,2,Labour Party,128,37.0,4250,,#E4003B,https://www.royalgreenwich.gov.uk/council-and-elections/elections-and-voting/2026-local-elections-results,official_declared,,
2026,Greenwich,Abbey Wood,GALLIE Simon,Local Conservatives,Conservative Party,357,False,Not Elected,11916,3.0,11,Labour Party,128,37.0,4250,,#0087DC,https://www.royalgreenwich.gov.uk/council-and-elections/elections-and-voting/2026-local-elections-results,official_declared,,
2026,Greenwich,Abbey Wood,GURUNG RANABHAT Gaumaya,Labour Party,Labour Party,1292,True,Elected,11916,10.84,3,Labour Party,128,37.0,4250,,#E4003B,https://www.royalgreenwich.gov.uk/council-and-elections/elections-and-voting/2026-local-elections-results,official_declared,,
2026,Greenwich,Abbey Wood,HANDYSIDE Ruth,Reform UK,Reform UK,968,False,Not Elected,11916,8.12,6,Labour Party,128,37.0,4250,,#12B6CF,https://www.royalgreenwich.gov.uk/council-and-elections/elections-and-voting/2026-local-elections-results,official_declared,,
2026,Greenwich,Abbey Wood,HEADON Finbarr Dominic,Liberal Democrats,Liberal Democrats,202,False,Not Elected,11916,1.7,13,Labour Party,128,37.0,4250,,#FAA61A,https://www.royalgreenwich.gov.uk/council-and-elections/elections-and-voting/2026-local-elections-results,official_declared,,
2026,Greenwich,Abbey Wood,HEADON Thomas,Liberal Democrats,Liberal Democrats,166,False,Not Elected,11916,1.39,15,Labour Party,128,37.0,4250,,#FAA61A,https://www.royalgreenwich.gov.uk/council-and-elections/elections-and-voting/2026-local-elections-results,official_declared,,
2026,Greenwich,Abbey Wood,JOHNSON Ronie Devere,Independent,Independent,177,False,Not Elected,11916,1.49,14,Labour Party,128,37.0,4250,,#94A3B8,https://www.royalgreenwich.gov.uk/council-and-elections/elections-and-voting/2026-local-elections-results,official_declared,,
2026,Greenwich,Abbey Wood,POWERS Austin,Reform UK,Reform UK,937,False,Not Elected,11916,7.86,7,Labour Party,128,37.0,4250,,#12B6CF,https://www.royalgreenwich.gov.uk/council-and-elections/elections-and-voting/2026-local-elections-results,official_declared,,
2026,Greenwich,Abbey Wood,PRESTON Ben,Green Party,Green Party,1083,False,Not Elected,11916,9.09,5,Labour Party,128,37.0,4250,,#02A95B,https://www.royalgreenwich.gov.uk/council-and-elections/elections-and-voting/2026-local-elections-results,official_declared,,
2026,Greenwich,Abbey Wood,ROBINSON Simon,Liberal Democrats,Liberal Democrats,140,False,Not Elected,11916,1.17,16,Labour Party,128,37.0,4250,,#FAA61A,https://www.royalgreenwich.gov.uk/council-and-elections/elections-and-voting/2026-local-elections-results,official_declared,,
2026,Greenwich,Abbey Wood,RODWELL Gregory,Reform UK,Reform UK,910,False,Not Elected,11916,7.64,8,Labour Party,128,37.0,4250,,#12B6CF,https://www.royalgreenwich.gov.uk/council-and-elections/elections-and-voting/2026-local-elections-results,official_declared,,
2026,Greenwich,Abbey Wood,SKABRIN Angela,Local Conservatives,Conservative Party,273,False,Not Elected,11916,2.29,12,Labour Party,128,37.0,4250,,#0087DC,https://www.royalgreenwich.gov.uk/council-and-elections/elections-and-voting/2026-local-elections-results,official_declared,,
2026,Greenwich,Blackheath Westcombe,ALLMAN Trevor William,The Official Monster Raving Loony Party,The Official Monster Raving Loony Party,121,False,Not Elected,16795,0.72,16,Labour Party,4,53.8,5901,,#64748B,https://www.royalgreenwich.gov.uk/council-and-elections/elections-and-voting/2026-local-elections-results,official_declared,,
2026,Greenwich,Blackheath Westcombe,BRIGHTY Geoff,Local Conservatives,Conservative Party,1510,False,Not Elected,16795,8.99,4,Labour Party,4,53.8,5901,,#0087DC,https://www.royalgreenwich.gov.uk/council-and-elections/elections-and-voting/2026-local-elections-results,official_declared,,
2026,Greenwich,Blackheath Westcombe,FLETCHER Leo Sean,Labour and Co-operative Party,Labour Party,1844,True,Elected,16795,10.98,2,Labour Party,4,53.8,5901,,#E4003B,https://www.royalgreenwich.gov.uk/council-and-elections/elections-and-voting/2026-local-elections-results,official_declared,,
2026,Greenwich,Blackheath Westcombe,HAGA Jasmine,Green Party,Green Party,1557,True,Elected,16795,9.27,3,Labour Party,4,53.8,5901,,#02A95B,https://www.royalgreenwich.gov.uk/council-and-elections/elections-and-voting/2026-local-elections-results,official_declared,,
2026,Greenwich,Blackheath Westcombe,HUTCHCROFT Deramore,Liberal Democrats,Liberal Democrats,642,False,Not Elected,16795,3.82,12,Labour Party,4,53.8,5901,,#FAA61A,https://www.royalgreenwich.gov.uk/council-and-elections/elections-and-voting/2026-local-elections-results,official_declared,,
2026,Greenwich,Blackheath Westcombe,KAY Ray,Liberal Democrats,Liberal Democrats,647,False,Not Elected,16795,3.85,11,Labour Party,4,53.8,5901,,#FAA61A,https://www.royalgreenwich.gov.uk/council-and-elections/elections-and-voting/2026-local-elections-results,official_declared,,
2026,Greenwich,Blackheath Westcombe,KENNEDY Robert,Reform UK,Reform UK,627,False,Not Elected,16795,3.73,13,Labour Party,4,53.8,5901,,#12B6CF,https://www.royalgreenwich.gov.uk/council-and-elections/elections-and-voting/2026-local-elections-results,official_declared,,
2026,Greenwich,Blackheath Westcombe,LAVRENTIEV Vlad,Reform UK,Reform UK,519,False,Not Elected,16795,3.09,14,Labour Party,4,53.8,5901,,#12B6CF,https://www.royalgreenwich.gov.uk/council-and-elections/elections-and-voting/2026-local-elections-results,official_declared,,
2026,Greenwich,Blackheath Westcombe,LOLAVAR Mariam,Labour and Co-operative Party,Labour Party,1848,True,Elected,16795,11.0,1,Labour Party,4,53.8,5901,,#E4003B,https://www.royalgreenwich.gov.uk/council-and-elections/elections-and-voting/2026-local-elections-results,official_declared,,
2026,Greenwich,Blackheath Westcombe,MOORE Fiona,Green Party,Green Party,1502,False,Not Elected,16795,8.94,5,Labour Party,4,53.8,5901,,#02A95B,https://www.royalgreenwich.gov.uk/council-and-elections/elections-and-voting/2026-local-elections-results,official_declared,,
2026,Greenwich,Blackheath Westcombe,PFEIFFER Mary,Local Conservatives,Conservative Party,1130,False,Not Elected,16795,6.73,9,Labour Party,4,53.8,5901,,#0087DC,https://www.royalgreenwich.gov.uk/council-and-elections/elections-and-voting/2026-local-elections-results,official_declared,,
2026,Greenwich,Blackheath Westcombe,ST.MATTHEW-DANIEL Christine,Labour and Co-operative Party,Labour Party,1175,False,Not Elected,16795,7.0,7,Labour Party,4,53.8,5901,,#E4003B,https://www.royalgreenwich.gov.uk/council-and-elections/elections-and-voting/2026-local-elections-results,official_declared,,
2026,Greenwich,Blackheath Westcombe,THIAGARAJ Meena,Green Party,Green Party,1400,False,Not Elected,16795,8.34,6,Labour Party,4,53.8,5901,,#02A95B,https://www.royalgreenwich.gov.uk/council-and-elections/elections-and-voting/2026-local-elections-results,official_declared,,
2026,Greenwich,Blackheath Westcombe,WALSH Sian,Liberal Democrats,Liberal Democrats,652,False,Not Elected,16795,3.88,10,Labour Party,4,53.8,5901,,#FAA61A,https://www.royalgreenwich.gov.uk/council-and-elections/elections-and-voting/2026-local-elections-results,official_declared,,
2026,Greenwich,Blackheath Westcombe,WATERS Tim,Local Conservatives,Conservative Party,1132,False,Not Elected,16795,6.74,8,Labour Party,4,53.8,5901,,#0087DC,https://www.royalgreenwich.gov.uk/council-and-elections/elections-and-voting/2026-local-elections-results,official_declared,,
2026,Greenwich,Blackheath Westcombe,WRESNIWIRO Topo,Reform UK,Reform UK,489,False,Not Elected,16795,2.91,15,Labour Party,4,53.8,5901,,#12B6CF,https://www.royalgreenwich.gov.uk/council-and-elections/elections-and-voting/2026-local-elections-results,official_declared,,
2026,Greenwich,Charlton Hornfair,ALBISTON Bren,Labour Party,Labour Party,1207,True,Elected,6932,17.41,2,Green Party,82,44.7,3549,,#E4003B,https://www.royalgreenwich.gov.uk/council-and-elections/elections-and-voting/2026-local-elections-results,official_declared,,
2026,Greenwich,Charlton Hornfair,BURRIDGE Sam,Liberal Democrats,Liberal Democrats,258,False,Not Elected,6932,3.72,9,Green Party,82,44.7,3549,,#FAA61A,https://www.royalgreenwich.gov.uk/council-and-elections/elections-and-voting/2026-local-elections-results,official_declared,,
2026,Greenwich,Charlton Hornfair,DUNN Philip Mark,Reform UK,Reform UK,587,False,Not Elected,6932,8.47,5,Green Party,82,44.7,3549,,#12B6CF,https://www.royalgreenwich.gov.uk/council-and-elections/elections-and-voting/2026-local-elections-results,official_declared,,
2026,Greenwich,Charlton Hornfair,FIENNES Rupert,Local Conservatives,Conservative Party,340,False,Not Elected,6932,4.9,7,Green Party,82,44.7,3549,,#0087DC,https://www.royalgreenwich.gov.uk/council-and-elections/elections-and-voting/2026-local-elections-results,official_declared,,
2026,Greenwich,Charlton Hornfair,HISBANI Ambreen,Labour Party,Labour Party,1022,False,Not Elected,6932,14.74,4,Green Party,82,44.7,3549,,#E4003B,https://www.royalgreenwich.gov.uk/council-and-elections/elections-and-voting/2026-local-elections-results,official_declared,,
2026,Greenwich,Charlton Hornfair,HOLLAND Jessica,Green Party,Green Party,1289,True,Elected,6932,18.59,1,Green Party,82,44.7,3549,,#02A95B,https://www.royalgreenwich.gov.uk/council-and-elections/elections-and-voting/2026-local-elections-results,official_declared,,
2026,Greenwich,Charlton Hornfair,KELLY Ann Teresa,Reform UK,Reform UK,558,False,Not Elected,6932,8.05,6,Green Party,82,44.7,3549,,#12B6CF,https://www.royalgreenwich.gov.uk/council-and-elections/elections-and-voting/2026-local-elections-results,official_declared,,
2026,Greenwich,Charlton Hornfair,SALDIN Lakshan,Green Party,Green Party,1189,False,Not Elected,6932,17.15,3,Green Party,82,44.7,3549,,#02A95B,https://www.royalgreenwich.gov.uk/council-and-elections/elections-and-voting/2026-local-elections-results,official_declared,,
2026,Greenwich,Charlton Hornfair,WATERS Frederick,Local Conservatives,Conservative Party,293,False,Not Elected,6932,4.23,8,Green Party,82,44.7,3549,,#0087DC,https://www.royalgreenwich.gov.uk/council-and-elections/elections-and-voting/2026-local-elections-results,official_declared,,
2026,Greenwich,Charlton Hornfair,WATKIN Stuart,Liberal Democrats,Liberal Democrats,189,False,Not Elected,6932,2.73,10,Green Party,82,44.7,3549,,#FAA61A,https://www.royalgreenwich.gov.uk/council-and-elections/elections-and-voting/2026-local-elections-results,official_declared,,
2026,Greenwich,Charlton Village and Riverside,BRILEY Stephen,Reform UK,Reform UK,434,False,Not Elected,5717,7.59,5,Labour Party,109,42.4,2933,,#12B6CF,https://www.royalgreenwich.gov.uk/council-and-elections/elections-and-voting/2026-local-elections-results,official_declared,,
2026,Greenwich,Charlton Village and Riverside,COWLEY Andrew James,Green Party,Green Party,978,False,Not Elected,5717,17.11,3,Labour Party,109,42.4,2933,,#02A95B,https://www.royalgreenwich.gov.uk/council-and-elections/elections-and-voting/2026-local-elections-results,official_declared,,
2026,Greenwich,Charlton Village and Riverside,DARK Gary,Green Party,Green Party,912,False,Not Elected,5717,15.95,4,Labour Party,109,42.4,2933,,#02A95B,https://www.royalgreenwich.gov.uk/council-and-elections/elections-and-voting/2026-local-elections-results,official_declared,,
2026,Greenwich,Charlton Village and Riverside,EVERETT Caroline,Reform UK,Reform UK,422,False,Not Elected,5717,7.38,6,Labour Party,109,42.4,2933,,#12B6CF,https://www.royalgreenwich.gov.uk/council-and-elections/elections-and-voting/2026-local-elections-results,official_declared,,
2026,Greenwich,Charlton Village and Riverside,GARDNER David Llewellyn,Labour and Co-operative Party,Labour Party,1174,True,Elected,5717,20.54,1,Labour Party,109,42.4,2933,,#E4003B,https://www.royalgreenwich.gov.uk/council-and-elections/elections-and-voting/2026-local-elections-results,official_declared,,
2026,Greenwich,Charlton Village and Riverside,HORRELL Geoff,Liberal Democrats,Liberal Democrats,180,False,Not Elected,5717,3.15,8,Labour Party,109,42.4,2933,,#FAA61A,https://www.royalgreenwich.gov.uk/council-and-elections/elections-and-voting/2026-local-elections-results,official_declared,,
2026,Greenwich,Charlton Village and Riverside,JEFFERY Tim,Liberal Democrats,Liberal Democrats,163,False,Not Elected,5717,2.85,10,Labour Party,109,42.4,2933,,#FAA61A,https://www.royalgreenwich.gov.uk/council-and-elections/elections-and-voting/2026-local-elections-results,official_declared,,
2026,Greenwich,Charlton Village and Riverside,JINARU Ivan,Local Conservatives,Conservative Party,214,False,Not Elected,5717,3.74,7,Labour Party,109,42.4,2933,,#0087DC,https://www.royalgreenwich.gov.uk/council-and-elections/elections-and-voting/2026-local-elections-results,official_declared,,
2026,Greenwich,Charlton Village and Riverside,KUNCHAMWAR Sandeep,Local Conservatives,Conservative Party,175,False,Not Elected,5717,3.06,9,Labour Party,109,42.4,2933,,#0087DC,https://www.royalgreenwich.gov.uk/council-and-elections/elections-and-voting/2026-local-elections-results,official_declared,,
2026,Greenwich,Charlton Village and Riverside,VAN DEN BROEK Jo,Labour and Co-operative Party,Labour Party,1065,True,Elected,5717,18.63,2,Labour Party,109,42.4,2933,,#E4003B,https://www.royalgreenwich.gov.uk/council-and-elections/elections-and-voting/2026-local-elections-results,official_declared,,
2026,Greenwich,East Greenwich,BINGHAM Oliver,Local Conservatives,Conservative Party,434,False,Not Elected,13213,3.28,10,Green Party,28,43.4,4523,,#0087DC,https://www.royalgreenwich.gov.uk/council-and-elections/elections-and-voting/2026-local-elections-results,official_declared,,
2026,Greenwich,East Greenwich,BRINSON David,Local Conservatives,Conservative Party,406,False,Not Elected,13213,3.07,11,Green Party,28,43.4,4523,,#0087DC,https://www.royalgreenwich.gov.uk/council-and-elections/elections-and-voting/2026-local-elections-results,official_declared,,
2026,Greenwich,East Greenwich,CUMMINS Erik,Labour Party,Labour Party,1341,False,Not Elected,13213,10.15,5,Green Party,28,43.4,4523,,#E4003B,https://www.royalgreenwich.gov.uk/council-and-elections/elections-and-voting/2026-local-elections-results,official_declared,,
2026,Greenwich,East Greenwich,EDGAR George,Green Party,Green Party,1899,True,Elected,13213,14.37,2,Green Party,28,43.4,4523,,#02A95B,https://www.royalgreenwich.gov.uk/council-and-elections/elections-and-voting/2026-local-elections-results,official_declared,,
2026,Greenwich,East Greenwich,IVES Patrick Thomas,Green Party,Green Party,1845,True,Elected,13213,13.96,3,Green Party,28,43.4,4523,,#02A95B,https://www.royalgreenwich.gov.uk/council-and-elections/elections-and-voting/2026-local-elections-results,official_declared,,
2026,Greenwich,East Greenwich,JEFFORD James,Liberal Democrats,Liberal Democrats,298,False,Not Elected,13213,2.26,13,Green Party,28,43.4,4523,,#FAA61A,https://www.royalgreenwich.gov.uk/council-and-elections/elections-and-voting/2026-local-elections-results,official_declared,,
2026,Greenwich,East Greenwich,KELLY Charlie Michael James,Reform UK,Reform UK,523,False,Not Elected,13213,3.96,7,Green Party,28,43.4,4523,,#12B6CF,https://www.royalgreenwich.gov.uk/council-and-elections/elections-and-voting/2026-local-elections-results,official_declared,,
2026,Greenwich,East Greenwich,LAND Jo,Green Party,Green Party,1927,True,Elected,13213,14.58,1,Green Party,28,43.4,4523,,#02A95B,https://www.royalgreenwich.gov.uk/council-and-elections/elections-and-voting/2026-local-elections-results,official_declared,,
2026,Greenwich,East Greenwich,MARKOV Martin,Reform UK,Reform UK,492,False,Not Elected,13213,3.72,9,Green Party,28,43.4,4523,,#12B6CF,https://www.royalgreenwich.gov.uk/council-and-elections/elections-and-voting/2026-local-elections-results,official_declared,,
2026,Greenwich,East Greenwich,RAHMAN Majid,Labour Party,Labour Party,1267,False,Not Elected,13213,9.59,6,Green Party,28,43.4,4523,,#E4003B,https://www.royalgreenwich.gov.uk/council-and-elections/elections-and-voting/2026-local-elections-results,official_declared,,
2026,Greenwich,East Greenwich,RICHARDS COTTELL Maisie,Labour Party,Labour Party,1437,False,Not Elected,13213,10.88,4,Green Party,28,43.4,4523,,#E4003B,https://www.royalgreenwich.gov.uk/council-and-elections/elections-and-voting/2026-local-elections-results,official_declared,,
2026,Greenwich,East Greenwich,ROGERS Josh,Liberal Democrats,Liberal Democrats,252,False,Not Elected,13213,1.91,14,Green Party,28,43.4,4523,,#FAA61A,https://www.royalgreenwich.gov.uk/council-and-elections/elections-and-voting/2026-local-elections-results,official_declared,,
2026,Greenwich,East Greenwich,WARD Darren,Reform UK,Reform UK,506,False,Not Elected,13213,3.83,8,Green Party,28,43.4,4523,,#12B6CF,https://www.royalgreenwich.gov.uk/council-and-elections/elections-and-voting/2026-local-elections-results,official_declared,,
2026,Greenwich,East Greenwich,WATKINS Kieran,Liberal Democrats,Liberal Democrats,246,False,Not Elected,13213,1.86,15,Green Party,28,43.4,4523,,#FAA61A,https://www.royalgreenwich.gov.uk/council-and-elections/elections-and-voting/2026-local-elections-results,official_declared,,
2026,Greenwich,East Greenwich,WELLER Brian,Local Conservatives,Conservative Party,340,False,Not Elected,13213,2.57,12,Green Party,28,43.4,4523,,#0087DC,https://www.royalgreenwich.gov.uk/council-and-elections/elections-and-voting/2026-local-elections-results,official_declared,,
2026,Greenwich,Eltham Page,BANKS Paul Trevor,Reform UK,Reform UK,940,True,Elected,5209,18.05,1,Reform UK,28,40.5,2719,,#12B6CF,https://www.royalgreenwich.gov.uk/council-and-elections/elections-and-voting/2026-local-elections-results,official_declared,,
2026,Greenwich,Eltham Page,DICKENSON Jane,Labour and Co-operative Party,Labour Party,912,True,Elected,5209,17.51,2,Reform UK,28,40.5,2719,,#E4003B,https://www.royalgreenwich.gov.uk/council-and-elections/elections-and-voting/2026-local-elections-results,official_declared,,
2026,Greenwich,Eltham Page,DRURY Spencer,Local Conservatives,Conservative Party,380,False,Not Elected,5209,7.3,7,Reform UK,28,40.5,2719,,#0087DC,https://www.royalgreenwich.gov.uk/council-and-elections/elections-and-voting/2026-local-elections-results,official_declared,,
2026,Greenwich,Eltham Page,JAMES Colin,Green Party,Green Party,465,False,Not Elected,5209,8.93,5,Reform UK,28,40.5,2719,,#02A95B,https://www.royalgreenwich.gov.uk/council-and-elections/elections-and-voting/2026-local-elections-results,official_declared,,
2026,Greenwich,Eltham Page,MAY Chris,Labour and Co-operative Party,Labour Party,797,False,Not Elected,5209,15.3,3,Reform UK,28,40.5,2719,,#E4003B,https://www.royalgreenwich.gov.uk/council-and-elections/elections-and-voting/2026-local-elections-results,official_declared,,
2026,Greenwich,Eltham Page,MILLS Alistair,Liberal Democrats,Liberal Democrats,124,False,Not Elected,5209,2.38,9,Reform UK,28,40.5,2719,,#FAA61A,https://www.royalgreenwich.gov.uk/council-and-elections/elections-and-voting/2026-local-elections-results,official_declared,,
2026,Greenwich,Eltham Page,QADAR Siama,Reform UK,Reform UK,790,False,Not Elected,5209,15.17,4,Reform UK,28,40.5,2719,,#12B6CF,https://www.royalgreenwich.gov.uk/council-and-elections/elections-and-voting/2026-local-elections-results,official_declared,,
2026,Greenwich,Eltham Page,RAMCHARAN Robert,Green Party,Green Party,400,False,Not Elected,5209,7.68,6,Reform UK,28,40.5,2719,,#02A95B,https://www.royalgreenwich.gov.uk/council-and-elections/elections-and-voting/2026-local-elections-results,official_declared,,
2026,Greenwich,Eltham Page,RUSSELL Phil,Local Conservatives,Conservative Party,303,False,Not Elected,5209,5.82,8,Reform UK,28,40.5,2719,,#0087DC,https://www.royalgreenwich.gov.uk/council-and-elections/elections-and-voting/2026-local-elections-results,official_declared,,
2026,Greenwich,Eltham Page,SHUBERT Elliot,Liberal Democrats,Liberal Democrats,98,False,Not Elected,5209,1.88,10,Reform UK,28,40.5,2719,,#FAA61A,https://www.royalgreenwich.gov.uk/council-and-elections/elections-and-voting/2026-local-elections-results,official_declared,,
2026,Greenwich,Eltham Park and Progress,ACHILLI Christian,Reform UK,Reform UK,1106,False,Not Elected,8759,12.63,3,Labour Party,54,57.7,4487,,#12B6CF,https://www.royalgreenwich.gov.uk/council-and-elections/elections-and-voting/2026-local-elections-results,official_declared,,
2026,Greenwich,Eltham Park and Progress,ADOLPHUS-UGO Anthonia,Local Conservatives,Conservative Party,882,False,Not Elected,8759,10.07,6,Labour Party,54,57.7,4487,,#0087DC,https://www.royalgreenwich.gov.uk/council-and-elections/elections-and-voting/2026-local-elections-results,official_declared,,
2026,Greenwich,Eltham Park and Progress,CROMPTON Ben,Local Conservatives,Conservative Party,974,False,Not Elected,8759,11.12,5,Labour Party,54,57.7,4487,,#0087DC,https://www.royalgreenwich.gov.uk/council-and-elections/elections-and-voting/2026-local-elections-results,official_declared,,
2026,Greenwich,Eltham Park and Progress,DRURY Arthur,Green Party,Green Party,862,False,Not Elected,8759,9.84,7,Labour Party,54,57.7,4487,,#02A95B,https://www.royalgreenwich.gov.uk/council-and-elections/elections-and-voting/2026-local-elections-results,official_declared,,
2026,Greenwich,Eltham Park and Progress,EDWARDS Kieran,Liberal Democrats,Liberal Democrats,249,False,Not Elected,8759,2.84,9,Labour Party,54,57.7,4487,,#FAA61A,https://www.royalgreenwich.gov.uk/council-and-elections/elections-and-voting/2026-local-elections-results,official_declared,,
2026,Greenwich,Eltham Park and Progress,FRASER Jeremy Stuart,Labour and Co-operative Party,Labour Party,1317,True,Elected,8759,15.04,1,Labour Party,54,57.7,4487,,#E4003B,https://www.royalgreenwich.gov.uk/council-and-elections/elections-and-voting/2026-local-elections-results,official_declared,,
2026,Greenwich,Eltham Park and Progress,KELSEY Scarlett Ann,Reform UK,Reform UK,1064,False,Not Elected,8759,12.15,4,Labour Party,54,57.7,4487,,#12B6CF,https://www.royalgreenwich.gov.uk/council-and-elections/elections-and-voting/2026-local-elections-results,official_declared,,
2026,Greenwich,Eltham Park and Progress,MCGINNESS Sophie Angela,Green Party,Green Party,782,False,Not Elected,8759,8.93,8,Labour Party,54,57.7,4487,,#02A95B,https://www.royalgreenwich.gov.uk/council-and-elections/elections-and-voting/2026-local-elections-results,official_declared,,
2026,Greenwich,Eltham Park and Progress,OLUMIDE Gabriella,Labour and Co-operative Party,Labour Party,1263,True,Elected,8759,14.42,2,Labour Party,54,57.7,4487,,#E4003B,https://www.royalgreenwich.gov.uk/council-and-elections/elections-and-voting/2026-local-elections-results,official_declared,,
2026,Greenwich,Eltham Park and Progress,RIDDELL Jason,Liberal Democrats,Liberal Democrats,218,False,Not Elected,8759,2.49,10,Labour Party,54,57.7,4487,,#FAA61A,https://www.royalgreenwich.gov.uk/council-and-elections/elections-and-voting/2026-local-elections-results,official_declared,,
2026,Greenwich,Eltham Park and Progress,WILLIAMSON Earl,Independent,Independent,42,False,Not Elected,8759,0.48,11,Labour Party,54,57.7,4487,,#94A3B8,https://www.royalgreenwich.gov.uk/council-and-elections/elections-and-voting/2026-local-elections-results,official_declared,,
2026,Greenwich,Eltham Town and Avery Hill,AKINDUTIRE Johnathan,Labour Party,Labour Party,1257,False,Not Elected,16004,7.85,6,Conservative Party,113,50.1,5463,,#E4003B,https://www.royalgreenwich.gov.uk/council-and-elections/elections-and-voting/2026-local-elections-results,official_declared,,
2026,Greenwich,Eltham Town and Avery Hill,BANKS Helen Elizabeth,Reform UK,Reform UK,1393,False,Not Elected,16004,8.7,4,Conservative Party,113,50.1,5463,,#12B6CF,https://www.royalgreenwich.gov.uk/council-and-elections/elections-and-voting/2026-local-elections-results,official_declared,,
2026,Greenwich,Eltham Town and Avery Hill,BESIM Azmi,Reform UK,Reform UK,1170,False,Not Elected,16004,7.31,8,Conservative Party,113,50.1,5463,,#12B6CF,https://www.royalgreenwich.gov.uk/council-and-elections/elections-and-voting/2026-local-elections-results,official_declared,,
2026,Greenwich,Eltham Town and Avery Hill,CHUTER Michael,Liberal Democrats,Liberal Democrats,234,False,Not Elected,16004,1.46,14,Conservative Party,113,50.1,5463,,#FAA61A,https://www.royalgreenwich.gov.uk/council-and-elections/elections-and-voting/2026-local-elections-results,official_declared,,
2026,Greenwich,Eltham Town and Avery Hill,COX Eileen,Liberal Democrats,Liberal Democrats,266,False,Not Elected,16004,1.66,13,Conservative Party,113,50.1,5463,,#FAA61A,https://www.royalgreenwich.gov.uk/council-and-elections/elections-and-voting/2026-local-elections-results,official_declared,,
2026,Greenwich,Eltham Town and Avery Hill,COZER Daniel,Reform UK,Reform UK,1271,False,Not Elected,16004,7.94,5,Conservative Party,113,50.1,5463,,#12B6CF,https://www.royalgreenwich.gov.uk/council-and-elections/elections-and-voting/2026-local-elections-results,official_declared,,
2026,Greenwich,Eltham Town and Avery Hill,DAVIS Charlie,Local Conservatives,Conservative Party,2006,True,Elected,16004,12.53,1,Conservative Party,113,50.1,5463,,#0087DC,https://www.royalgreenwich.gov.uk/council-and-elections/elections-and-voting/2026-local-elections-results,official_declared,,
2026,Greenwich,Eltham Town and Avery Hill,GREENWELL Pat,Local Conservatives,Conservative Party,1893,True,Elected,16004,11.83,2,Conservative Party,113,50.1,5463,,#0087DC,https://www.royalgreenwich.gov.uk/council-and-elections/elections-and-voting/2026-local-elections-results,official_declared,,
2026,Greenwich,Eltham Town and Avery Hill,HADDOCK Eleanor,Labour Party,Labour Party,1249,False,Not Elected,16004,7.8,7,Conservative Party,113,50.1,5463,,#E4003B,https://www.royalgreenwich.gov.uk/council-and-elections/elections-and-voting/2026-local-elections-results,official_declared,,
2026,Greenwich,Eltham Town and Avery Hill,PATTENDEN Mark,Liberal Democrats,Liberal Democrats,222,False,Not Elected,16004,1.39,15,Conservative Party,113,50.1,5463,,#FAA61A,https://www.royalgreenwich.gov.uk/council-and-elections/elections-and-voting/2026-local-elections-results,official_declared,,
2026,Greenwich,Eltham Town and Avery Hill,PICKUP Michael David,Green Party,Green Party,763,False,Not Elected,16004,4.77,10,Conservative Party,113,50.1,5463,,#02A95B,https://www.royalgreenwich.gov.uk/council-and-elections/elections-and-voting/2026-local-elections-results,official_declared,,
2026,Greenwich,Eltham Town and Avery Hill,SAYERS Rob,Local Conservatives,Conservative Party,1623,True,Elected,16004,10.14,3,Conservative Party,113,50.1,5463,,#0087DC,https://www.royalgreenwich.gov.uk/council-and-elections/elections-and-voting/2026-local-elections-results,official_declared,,
2026,Greenwich,Eltham Town and Avery Hill,STRATFORD Matt,Green Party,Green Party,744,False,Not Elected,16004,4.65,11,Conservative Party,113,50.1,5463,,#02A95B,https://www.royalgreenwich.gov.uk/council-and-elections/elections-and-voting/2026-local-elections-results,official_declared,,
2026,Greenwich,Eltham Town and Avery Hill,SULLIVAN-WALLACE Frederick,Labour Party,Labour Party,1086,False,Not Elected,16004,6.79,9,Conservative Party,113,50.1,5463,,#E4003B,https://www.royalgreenwich.gov.uk/council-and-elections/elections-and-voting/2026-local-elections-results,official_declared,,
2026,Greenwich,Eltham Town and Avery Hill,TARLING Arnold Edwin,Independent,Independent,157,False,Not Elected,16004,0.98,16,Conservative Party,113,50.1,5463,,#94A3B8,https://www.royalgreenwich.gov.uk/council-and-elections/elections-and-voting/2026-local-elections-results,official_declared,,
2026,Greenwich,Eltham Town and Avery Hill,WILLIAMS Mark,Green Party,Green Party,670,False,Not Elected,16004,4.19,12,Conservative Party,113,50.1,5463,,#02A95B,https://www.royalgreenwich.gov.uk/council-and-elections/elections-and-voting/2026-local-elections-results,official_declared,,
2026,Greenwich,Greenwich Creekside,AUSTIN Anthony,Liberal Democrats,Liberal Democrats,533,False,Not Elected,5331,10.0,4,Labour Party,24,41.6,2956,,#FAA61A,https://www.royalgreenwich.gov.uk/council-and-elections/elections-and-voting/2026-local-elections-results,official_declared,,
2026,Greenwich,Greenwich Creekside,BAILEY Scott,Reform UK,Reform UK,91,False,Not Elected,5331,1.71,9,Labour Party,24,41.6,2956,,#12B6CF,https://www.royalgreenwich.gov.uk/council-and-elections/elections-and-voting/2026-local-elections-results,official_declared,,
2026,Greenwich,Greenwich Creekside,HARRISON Andrew,Liberal Democrats,Liberal Democrats,305,False,Not Elected,5331,5.72,5,Labour Party,24,41.6,2956,,#FAA61A,https://www.royalgreenwich.gov.uk/council-and-elections/elections-and-voting/2026-local-elections-results,official_declared,,
2026,Greenwich,Greenwich Creekside,MANDIKA Anthonio,Reform UK,Reform UK,233,False,Not Elected,5331,4.37,7,Labour Party,24,41.6,2956,,#12B6CF,https://www.royalgreenwich.gov.uk/council-and-elections/elections-and-voting/2026-local-elections-results,official_declared,,
2026,Greenwich,Greenwich Creekside,MUIR Tillie,Labour Party,Labour Party,1289,True,Elected,5331,24.18,1,Labour Party,24,41.6,2956,,#E4003B,https://www.royalgreenwich.gov.uk/council-and-elections/elections-and-voting/2026-local-elections-results,official_declared,,
2026,Greenwich,Greenwich Creekside,O`BYRNE MULLIGAN Calum,Labour Party,Labour Party,1265,True,Elected,5331,23.73,2,Labour Party,24,41.6,2956,,#E4003B,https://www.royalgreenwich.gov.uk/council-and-elections/elections-and-voting/2026-local-elections-results,official_declared,,
2026,Greenwich,Greenwich Creekside,RANDALL Keira Tessa,Green Party,Green Party,1147,False,Not Elected,5331,21.52,3,Labour Party,24,41.6,2956,,#02A95B,https://www.royalgreenwich.gov.uk/council-and-elections/elections-and-voting/2026-local-elections-results,official_declared,,
2026,Greenwich,Greenwich Creekside,SWIFT Christopher,Local Conservatives,Conservative Party,278,False,Not Elected,5331,5.21,6,Labour Party,24,41.6,2956,,#0087DC,https://www.royalgreenwich.gov.uk/council-and-elections/elections-and-voting/2026-local-elections-results,official_declared,,
2026,Greenwich,Greenwich Creekside,TAMBER Rajinder,Local Conservatives,Conservative Party,190,False,Not Elected,5331,3.56,8,Labour Party,24,41.6,2956,,#0087DC,https://www.royalgreenwich.gov.uk/council-and-elections/elections-and-voting/2026-local-elections-results,official_declared,,
2026,Greenwich,Greenwich Park,BELL Andrew,Local Conservatives,Conservative Party,344,False,Not Elected,7168,4.8,6,Green Party,184,49.3,3634,,#0087DC,https://www.royalgreenwich.gov.uk/council-and-elections/elections-and-voting/2026-local-elections-results,official_declared,,
2026,Greenwich,Greenwich Park,DAVIS Jen,Labour Party,Labour Party,1238,False,Not Elected,7168,17.27,3,Green Party,184,49.3,3634,,#E4003B,https://www.royalgreenwich.gov.uk/council-and-elections/elections-and-voting/2026-local-elections-results,official_declared,,
2026,Greenwich,Greenwich Park,GREEN Alistair,Local Conservatives,Conservative Party,329,False,Not Elected,7168,4.59,8,Green Party,184,49.3,3634,,#0087DC,https://www.royalgreenwich.gov.uk/council-and-elections/elections-and-voting/2026-local-elections-results,official_declared,,
2026,Greenwich,Greenwich Park,HARRIS Victoria,Liberal Democrats,Liberal Democrats,305,False,Not Elected,7168,4.26,9,Green Party,184,49.3,3634,,#FAA61A,https://www.royalgreenwich.gov.uk/council-and-elections/elections-and-voting/2026-local-elections-results,official_declared,,
2026,Greenwich,Greenwich Park,REYNOLDS James Keith,Reform UK,Reform UK,358,False,Not Elected,7168,4.99,5,Green Party,184,49.3,3634,,#12B6CF,https://www.royalgreenwich.gov.uk/council-and-elections/elections-and-voting/2026-local-elections-results,official_declared,,
2026,Greenwich,Greenwich Park,SCHOLEFIELD Keith Barry,Reform UK,Reform UK,338,False,Not Elected,7168,4.72,7,Green Party,184,49.3,3634,,#12B6CF,https://www.royalgreenwich.gov.uk/council-and-elections/elections-and-voting/2026-local-elections-results,official_declared,,
2026,Greenwich,Greenwich Park,SMITH Aidan,Labour Party,Labour Party,1191,False,Not Elected,7168,16.62,4,Green Party,184,49.3,3634,,#E4003B,https://www.royalgreenwich.gov.uk/council-and-elections/elections-and-voting/2026-local-elections-results,official_declared,,
2026,Greenwich,Greenwich Park,SMITH Andrew,Liberal Democrats,Liberal Democrats,221,False,Not Elected,7168,3.08,10,Green Party,184,49.3,3634,,#FAA61A,https://www.royalgreenwich.gov.uk/council-and-elections/elections-and-voting/2026-local-elections-results,official_declared,,
2026,Greenwich,Greenwich Park,SMITH Stacy,Green Party,Green Party,1514,True,Elected,7168,21.12,1,Green Party,184,49.3,3634,,#02A95B,https://www.royalgreenwich.gov.uk/council-and-elections/elections-and-voting/2026-local-elections-results,official_declared,,
2026,Greenwich,Greenwich Park,TEARLE Karin,Green Party,Green Party,1330,True,Elected,7168,18.55,2,Green Party,184,49.3,3634,,#02A95B,https://www.royalgreenwich.gov.uk/council-and-elections/elections-and-voting/2026-local-elections-results,official_declared,,
2026,Greenwich,Greenwich Peninsula,CHAMBERLAIN Richard,Liberal Democrats,Liberal Democrats,309,False,Not Elected,8165,3.78,11,Green Party,27,34.8,2796,,#FAA61A,https://www.royalgreenwich.gov.uk/council-and-elections/elections-and-voting/2026-local-elections-results,official_declared,,
2026,Greenwich,Greenwich Peninsula,FARRA Anna,Reform UK,Reform UK,326,False,Not Elected,8165,3.99,10,Green Party,27,34.8,2796,,#12B6CF,https://www.royalgreenwich.gov.uk/council-and-elections/elections-and-voting/2026-local-elections-results,official_declared,,
2026,Greenwich,Greenwich Peninsula,HOSKIN Michael,Local Conservatives,Conservative Party,392,False,Not Elected,8165,4.8,8,Green Party,27,34.8,2796,,#0087DC,https://www.royalgreenwich.gov.uk/council-and-elections/elections-and-voting/2026-local-elections-results,official_declared,,
2026,Greenwich,Greenwich Peninsula,MCGRATH Austin,Green Party,Green Party,982,True,Elected,8165,12.03,1,Green Party,27,34.8,2796,,#02A95B,https://www.royalgreenwich.gov.uk/council-and-elections/elections-and-voting/2026-local-elections-results,official_declared,,
2026,Greenwich,Greenwich Peninsula,PROTEA Catalin Ionut,Reform UK,Reform UK,288,False,Not Elected,8165,3.53,13,Green Party,27,34.8,2796,,#12B6CF,https://www.royalgreenwich.gov.uk/council-and-elections/elections-and-voting/2026-local-elections-results,official_declared,,
2026,Greenwich,Greenwich Peninsula,ROBERTS Jennifer,Local Conservatives,Conservative Party,397,False,Not Elected,8165,4.86,7,Green Party,27,34.8,2796,,#0087DC,https://www.royalgreenwich.gov.uk/council-and-elections/elections-and-voting/2026-local-elections-results,official_declared,,
2026,Greenwich,Greenwich Peninsula,SCOTT-MCDONALD Denise,Labour and Co-operative Party,Labour Party,924,True,Elected,8165,11.32,3,Green Party,27,34.8,2796,,#E4003B,https://www.royalgreenwich.gov.uk/council-and-elections/elections-and-voting/2026-local-elections-results,official_declared,,
2026,Greenwich,Greenwich Peninsula,SEIFFARTH Martin,Local Conservatives,Conservative Party,337,False,Not Elected,8165,4.13,9,Green Party,27,34.8,2796,,#0087DC,https://www.royalgreenwich.gov.uk/council-and-elections/elections-and-voting/2026-local-elections-results,official_declared,,
2026,Greenwich,Greenwich Peninsula,SELBY Claire Elaine,Green Party,Green Party,955,True,Elected,8165,11.7,2,Green Party,27,34.8,2796,,#02A95B,https://www.royalgreenwich.gov.uk/council-and-elections/elections-and-voting/2026-local-elections-results,official_declared,,
2026,Greenwich,Greenwich Peninsula,SELLICK Jack,Liberal Democrats,Liberal Democrats,267,False,Not Elected,8165,3.27,14,Green Party,27,34.8,2796,,#FAA61A,https://www.royalgreenwich.gov.uk/council-and-elections/elections-and-voting/2026-local-elections-results,official_declared,,
2026,Greenwich,Greenwich Peninsula,STEBBINGS Robert,Labour and Co-operative Party,Labour Party,793,False,Not Elected,8165,9.71,5,Green Party,27,34.8,2796,,#E4003B,https://www.royalgreenwich.gov.uk/council-and-elections/elections-and-voting/2026-local-elections-results,official_declared,,
2026,Greenwich,Greenwich Peninsula,TINKLER Kit,Green Party,Green Party,861,False,Not Elected,8165,10.55,4,Green Party,27,34.8,2796,,#02A95B,https://www.royalgreenwich.gov.uk/council-and-elections/elections-and-voting/2026-local-elections-results,official_declared,,
2026,Greenwich,Greenwich Peninsula,WEST Tim,Liberal Democrats,Liberal Democrats,243,False,Not Elected,8165,2.98,15,Green Party,27,34.8,2796,,#FAA61A,https://www.royalgreenwich.gov.uk/council-and-elections/elections-and-voting/2026-local-elections-results,official_declared,,
2026,Greenwich,Greenwich Peninsula,WILLIAMS Alan,Reform UK,Reform UK,301,False,Not Elected,8165,3.69,12,Green Party,27,34.8,2796,,#12B6CF,https://www.royalgreenwich.gov.uk/council-and-elections/elections-and-voting/2026-local-elections-results,official_declared,,
2026,Greenwich,Greenwich Peninsula,WILLIAMS Nick,Labour and Co-operative Party,Labour Party,790,False,Not Elected,8165,9.68,6,Green Party,27,34.8,2796,,#E4003B,https://www.royalgreenwich.gov.uk/council-and-elections/elections-and-voting/2026-local-elections-results,official_declared,,
2026,Greenwich,Kidbrooke Park,AUSTEN Don,Reform UK,Reform UK,726,False,Not Elected,5880,12.35,3,Labour Party,125,42.0,3042,,#12B6CF,https://www.royalgreenwich.gov.uk/council-and-elections/elections-and-voting/2026-local-elections-results,official_declared,,
2026,Greenwich,Kidbrooke Park,FAHY John,Labour and Co-operative Party,Labour Party,1076,True,Elected,5880,18.3,1,Labour Party,125,42.0,3042,,#E4003B,https://www.royalgreenwich.gov.uk/council-and-elections/elections-and-voting/2026-local-elections-results,official_declared,,
2026,Greenwich,Kidbrooke Park,JUDGE Veronica,Green Party,Green Party,681,False,Not Elected,5880,11.58,4,Labour Party,125,42.0,3042,,#02A95B,https://www.royalgreenwich.gov.uk/council-and-elections/elections-and-voting/2026-local-elections-results,official_declared,,
2026,Greenwich,Kidbrooke Park,KAKOSCHKE Alison,Liberal Democrats,Liberal Democrats,209,False,Not Elected,5880,3.55,8,Labour Party,125,42.0,3042,,#FAA61A,https://www.royalgreenwich.gov.uk/council-and-elections/elections-and-voting/2026-local-elections-results,official_declared,,
2026,Greenwich,Kidbrooke Park,KENNEDY Natacha Jessica,Green Party,Green Party,622,False,Not Elected,5880,10.58,5,Labour Party,125,42.0,3042,,#02A95B,https://www.royalgreenwich.gov.uk/council-and-elections/elections-and-voting/2026-local-elections-results,official_declared,,
2026,Greenwich,Kidbrooke Park,PRATT Terence James,Reform UK,Reform UK,681,False,Not Elected,5880,11.58,4,Labour Party,125,42.0,3042,,#12B6CF,https://www.royalgreenwich.gov.uk/council-and-elections/elections-and-voting/2026-local-elections-results,official_declared,,
2026,Greenwich,Kidbrooke Park,REID Donald,Liberal Democrats,Liberal Democrats,157,False,Not Elected,5880,2.67,9,Labour Party,125,42.0,3042,,#FAA61A,https://www.royalgreenwich.gov.uk/council-and-elections/elections-and-voting/2026-local-elections-results,official_declared,,
2026,Greenwich,Kidbrooke Park,REID Malcolm,Local Conservatives,Conservative Party,396,False,Not Elected,5880,6.73,6,Labour Party,125,42.0,3042,,#0087DC,https://www.royalgreenwich.gov.uk/council-and-elections/elections-and-voting/2026-local-elections-results,official_declared,,
2026,Greenwich,Kidbrooke Park,THURLOW Nikki,Labour and Co-operative Party,Labour Party,951,True,Elected,5880,16.17,2,Labour Party,125,42.0,3042,,#E4003B,https://www.royalgreenwich.gov.uk/council-and-elections/elections-and-voting/2026-local-elections-results,official_declared,,
2026,Greenwich,Kidbrooke Park,WATNEY Carina,Local Conservatives,Conservative Party,381,False,Not Elected,5880,6.48,7,Labour Party,125,42.0,3042,,#0087DC,https://www.royalgreenwich.gov.uk/council-and-elections/elections-and-voting/2026-local-elections-results,official_declared,,
2026,Greenwich,Kidbrooke Village and Sutcliffe,BAUER Sandra,Labour and Co-operative Party,Labour Party,710,True,Elected,1350,52.59,1,Labour Party,70,38.4,1906,,#E4003B,https://www.royalgreenwich.gov.uk/council-and-elections/elections-and-voting/2026-local-elections-results,official_declared,,
2026,Greenwich,Kidbrooke Village and Sutcliffe,HURST Lewis,Labour and Co-operative Party,Labour Party,640,True,Elected,1350,47.41,2,Labour Party,70,38.4,1906,,#E4003B,https://www.royalgreenwich.gov.uk/council-and-elections/elections-and-voting/2026-local-elections-results,official_declared,,
2026,Greenwich,Middle Park and Horn Park,BABATOLA Olu,Labour and Co-operative Party,Labour Party,946,True,Elected,5172,18.29,1,Labour Party,38,40.8,2680,,#E4003B,https://www.royalgreenwich.gov.uk/council-and-elections/elections-and-voting/2026-local-elections-results,official_declared,,
2026,Greenwich,Middle Park and Horn Park,BALOGUN Ibrahim,Green Party,Green Party,462,False,Not Elected,5172,8.93,5,Labour Party,38,40.8,2680,,#02A95B,https://www.royalgreenwich.gov.uk/council-and-elections/elections-and-voting/2026-local-elections-results,official_declared,,
2026,Greenwich,Middle Park and Horn Park,BRINKHURST Mandy,Local Conservatives,Conservative Party,334,False,Not Elected,5172,6.46,7,Labour Party,38,40.8,2680,,#0087DC,https://www.royalgreenwich.gov.uk/council-and-elections/elections-and-voting/2026-local-elections-results,official_declared,,
2026,Greenwich,Middle Park and Horn Park,BROOKER Matthew,Local Conservatives,Conservative Party,313,False,Not Elected,5172,6.05,8,Labour Party,38,40.8,2680,,#0087DC,https://www.royalgreenwich.gov.uk/council-and-elections/elections-and-voting/2026-local-elections-results,official_declared,,
2026,Greenwich,Middle Park and Horn Park,COZER Adriana,Reform UK,Reform UK,751,False,Not Elected,5172,14.52,4,Labour Party,38,40.8,2680,,#12B6CF,https://www.royalgreenwich.gov.uk/council-and-elections/elections-and-voting/2026-local-elections-results,official_declared,,
2026,Greenwich,Middle Park and Horn Park,MEANEY Nicola Linda,Reform UK,Reform UK,780,False,Not Elected,5172,15.08,3,Labour Party,38,40.8,2680,,#12B6CF,https://www.royalgreenwich.gov.uk/council-and-elections/elections-and-voting/2026-local-elections-results,official_declared,,
2026,Greenwich,Middle Park and Horn Park,PETERSEN Anji Melanie,Green Party,Green Party,439,False,Not Elected,5172,8.49,6,Labour Party,38,40.8,2680,,#02A95B,https://www.royalgreenwich.gov.uk/council-and-elections/elections-and-voting/2026-local-elections-results,official_declared,,
2026,Greenwich,Middle Park and Horn Park,SMITH Chris,Liberal Democrats,Liberal Democrats,138,False,Not Elected,5172,2.67,9,Labour Party,38,40.8,2680,,#FAA61A,https://www.royalgreenwich.gov.uk/council-and-elections/elections-and-voting/2026-local-elections-results,official_declared,,
2026,Greenwich,Middle Park and Horn Park,SPENCE Roger,Liberal Democrats,Liberal Democrats,101,False,Not Elected,5172,1.95,10,Labour Party,38,40.8,2680,,#FAA61A,https://www.royalgreenwich.gov.uk/council-and-elections/elections-and-voting/2026-local-elections-results,official_declared,,
2026,Greenwich,Middle Park and Horn Park,TAGGART-RYAN Rachel,Labour and Co-operative Party,Labour Party,908,True,Elected,5172,17.56,2,Labour Party,38,40.8,2680,,#E4003B,https://www.royalgreenwich.gov.uk/council-and-elections/elections-and-voting/2026-local-elections-results,official_declared,,
2026,Greenwich,"Mottingham, Coldharbour and New Eltham",HARTLEY Matt,Local Conservatives,Conservative Party,1903,True,Elected,5432,35.03,1,Conservative Party,70,46.3,4817,,#0087DC,https://www.royalgreenwich.gov.uk/council-and-elections/elections-and-voting/2026-local-elections-results,official_declared,,
2026,Greenwich,"Mottingham, Coldharbour and New Eltham",TESTER Roger,Local Conservatives,Conservative Party,1833,True,Elected,5432,33.74,2,Conservative Party,70,46.3,4817,,#0087DC,https://www.royalgreenwich.gov.uk/council-and-elections/elections-and-voting/2026-local-elections-results,official_declared,,
2026,Greenwich,"Mottingham, Coldharbour and New Eltham",WARREN Luke,Local Conservatives,Conservative Party,1696,True,Elected,5432,31.22,3,Conservative Party,70,46.3,4817,,#0087DC,https://www.royalgreenwich.gov.uk/council-and-elections/elections-and-voting/2026-local-elections-results,official_declared,,
2026,Greenwich,Plumstead Common,BARRON Leonie Katherine,Green Party,Green Party,1684,True,Elected,13212,12.75,1,Green Party,193,43.5,4584,,#02A95B,https://www.royalgreenwich.gov.uk/council-and-elections/elections-and-voting/2026-local-elections-results,official_declared,,
2026,Greenwich,Plumstead Common,BENNETT David,Local Conservatives,Conservative Party,528,False,Not Elected,13212,4.0,10,Green Party,193,43.5,4584,,#0087DC,https://www.royalgreenwich.gov.uk/council-and-elections/elections-and-voting/2026-local-elections-results,official_declared,,
2026,Greenwich,Plumstead Common,BLACKBURN Dee,Reform UK,Reform UK,979,False,Not Elected,13212,7.41,7,Green Party,193,43.5,4584,,#12B6CF,https://www.royalgreenwich.gov.uk/council-and-elections/elections-and-voting/2026-local-elections-results,official_declared,,
2026,Greenwich,Plumstead Common,CHRISTIE Stewart,Green Party,Green Party,1491,True,Elected,13212,11.29,2,Green Party,193,43.5,4584,,#02A95B,https://www.royalgreenwich.gov.uk/council-and-elections/elections-and-voting/2026-local-elections-results,official_declared,,
2026,Greenwich,Plumstead Common,COOKE Issy,Labour and Co-operative Party,Labour Party,1428,False,Not Elected,13212,10.81,4,Green Party,193,43.5,4584,,#E4003B,https://www.royalgreenwich.gov.uk/council-and-elections/elections-and-voting/2026-local-elections-results,official_declared,,
2026,Greenwich,Plumstead Common,ERAZO Lenin,Local Conservatives,Conservative Party,367,False,Not Elected,13212,2.78,12,Green Party,193,43.5,4584,,#0087DC,https://www.royalgreenwich.gov.uk/council-and-elections/elections-and-voting/2026-local-elections-results,official_declared,,
2026,Greenwich,Plumstead Common,GREENWOOD Elaine,Reform UK,Reform UK,976,False,Not Elected,13212,7.39,8,Green Party,193,43.5,4584,,#12B6CF,https://www.royalgreenwich.gov.uk/council-and-elections/elections-and-voting/2026-local-elections-results,official_declared,,
2026,Greenwich,Plumstead Common,HUBBARD Gary,Reform UK,Reform UK,924,False,Not Elected,13212,6.99,9,Green Party,193,43.5,4584,,#12B6CF,https://www.royalgreenwich.gov.uk/council-and-elections/elections-and-voting/2026-local-elections-results,official_declared,,
2026,Greenwich,Plumstead Common,KHAN Mohammed,Labour and Co-operative Party,Labour Party,1222,False,Not Elected,13212,9.25,6,Green Party,193,43.5,4584,,#E4003B,https://www.royalgreenwich.gov.uk/council-and-elections/elections-and-voting/2026-local-elections-results,official_declared,,
2026,Greenwich,Plumstead Common,LAKER Helen,Labour and Co-operative Party,Labour Party,1279,False,Not Elected,13212,9.68,5,Green Party,193,43.5,4584,,#E4003B,https://www.royalgreenwich.gov.uk/council-and-elections/elections-and-voting/2026-local-elections-results,official_declared,,
2026,Greenwich,Plumstead Common,MONTEITH David Anthony,Green Party,Green Party,1477,True,Elected,13212,11.18,3,Green Party,193,43.5,4584,,#02A95B,https://www.royalgreenwich.gov.uk/council-and-elections/elections-and-voting/2026-local-elections-results,official_declared,,
2026,Greenwich,Plumstead Common,PADHIAR Hetal,Independent,Independent,57,False,Not Elected,13212,0.43,15,Green Party,193,43.5,4584,,#94A3B8,https://www.royalgreenwich.gov.uk/council-and-elections/elections-and-voting/2026-local-elections-results,official_declared,,
2026,Greenwich,Plumstead Common,PARKHURST Martha,Liberal Democrats,Liberal Democrats,236,False,Not Elected,13212,1.79,13,Green Party,193,43.5,4584,,#FAA61A,https://www.royalgreenwich.gov.uk/council-and-elections/elections-and-voting/2026-local-elections-results,official_declared,,
2026,Greenwich,Plumstead Common,WHARTON Duncan,Liberal Democrats,Liberal Democrats,184,False,Not Elected,13212,1.39,14,Green Party,193,43.5,4584,,#FAA61A,https://www.royalgreenwich.gov.uk/council-and-elections/elections-and-voting/2026-local-elections-results,official_declared,,
2026,Greenwich,Plumstead Common,WOODWARD Dorian,Local Conservatives,Conservative Party,380,False,Not Elected,13212,2.88,11,Green Party,193,43.5,4584,,#0087DC,https://www.royalgreenwich.gov.uk/council-and-elections/elections-and-voting/2026-local-elections-results,official_declared,,
2026,Greenwich,Plumstead and Glyndon,AGHEDO Tammy,Labour and Co-operative Party,Labour Party,1759,True,Elected,4960,35.46,1,Labour Party,149,37.1,4507,,#E4003B,https://www.royalgreenwich.gov.uk/council-and-elections/elections-and-voting/2026-local-elections-results,official_declared,,
2026,Greenwich,Plumstead and Glyndon,RANABHAT Jit,Labour and Co-operative Party,Labour Party,1610,True,Elected,4960,32.46,2,Labour Party,149,37.1,4507,,#E4003B,https://www.royalgreenwich.gov.uk/council-and-elections/elections-and-voting/2026-local-elections-results,official_declared,,
2026,Greenwich,Plumstead and Glyndon,KHAIREH Adel,Labour and Co-operative Party,Labour Party,1591,True,Elected,4960,32.08,3,Labour Party,149,37.1,4507,,#E4003B,https://www.royalgreenwich.gov.uk/council-and-elections/elections-and-voting/2026-local-elections-results,official_declared,,
2026,Greenwich,Shooters Hill,RHYMES Tamasin,Green Party,Green Party,1569,True,Elected,3052,51.41,1,Green Party,86,43.4,3406,,#02A95B,https://www.royalgreenwich.gov.uk/council-and-elections/elections-and-voting/2026-local-elections-results,official_declared,,
2026,Greenwich,Shooters Hill,GREEN Max,Green Party,Green Party,1483,True,Elected,3052,48.59,2,Green Party,86,43.4,3406,,#02A95B,https://www.royalgreenwich.gov.uk/council-and-elections/elections-and-voting/2026-local-elections-results,official_declared,,
2026,Greenwich,Thamesmead Moorings,CORNISH Tinu,Green Party,Green Party,477,False,Not Elected,4820,9.9,5,Labour Party,16,32.1,2532,,#02A95B,https://www.royalgreenwich.gov.uk/council-and-elections/elections-and-voting/2026-local-elections-results,official_declared,,
2026,Greenwich,Thamesmead Moorings,CROWHURST Keith,Green Party,Green Party,412,False,Not Elected,4820,8.55,6,Labour Party,16,32.1,2532,,#02A95B,https://www.royalgreenwich.gov.uk/council-and-elections/elections-and-voting/2026-local-elections-results,official_declared,,
2026,Greenwich,Thamesmead Moorings,DAVIES Jill Evelyn,Reform UK,Reform UK,537,False,Not Elected,4820,11.14,3,Labour Party,16,32.1,2532,,#12B6CF,https://www.royalgreenwich.gov.uk/council-and-elections/elections-and-voting/2026-local-elections-results,official_declared,,
2026,Greenwich,Thamesmead Moorings,LEKAU Averil Ann,Labour and Co-operative Party,Labour Party,1186,True,Elected,4820,24.61,2,Labour Party,16,32.1,2532,,#E4003B,https://www.royalgreenwich.gov.uk/council-and-elections/elections-and-voting/2026-local-elections-results,official_declared,,
2026,Greenwich,Thamesmead Moorings,MCCLELLAND Fergus French,Reform UK,Reform UK,486,False,Not Elected,4820,10.08,4,Labour Party,16,32.1,2532,,#12B6CF,https://www.royalgreenwich.gov.uk/council-and-elections/elections-and-voting/2026-local-elections-results,official_declared,,
2026,Greenwich,Thamesmead Moorings,MORRIS Diane,Local Conservatives,Conservative Party,204,False,Not Elected,4820,4.23,7,Labour Party,16,32.1,2532,,#0087DC,https://www.royalgreenwich.gov.uk/council-and-elections/elections-and-voting/2026-local-elections-results,official_declared,,
2026,Greenwich,Thamesmead Moorings,O`CONNOR Rhian,Liberal Democrats,Liberal Democrats,89,False,Not Elected,4820,1.85,9,Labour Party,16,32.1,2532,,#FAA61A,https://www.royalgreenwich.gov.uk/council-and-elections/elections-and-voting/2026-local-elections-results,official_declared,,
2026,Greenwich,Thamesmead Moorings,SOLOLA Femi,Labour and Co-operative Party,Labour Party,1202,True,Elected,4820,24.94,1,Labour Party,16,32.1,2532,,#E4003B,https://www.royalgreenwich.gov.uk/council-and-elections/elections-and-voting/2026-local-elections-results,official_declared,,
2026,Greenwich,Thamesmead Moorings,SYMES Philip,Liberal Democrats,Liberal Democrats,66,False,Not Elected,4820,1.37,10,Labour Party,16,32.1,2532,,#FAA61A,https://www.royalgreenwich.gov.uk/council-and-elections/elections-and-voting/2026-local-elections-results,official_declared,,
2026,Greenwich,Thamesmead Moorings,WORRON James,Local Conservatives,Conservative Party,161,False,Not Elected,4820,3.34,8,Labour Party,16,32.1,2532,,#0087DC,https://www.royalgreenwich.gov.uk/council-and-elections/elections-and-voting/2026-local-elections-results,official_declared,,
2026,Greenwich,West Thamesmead,BAFFOUR-AWUAH Nathan,Labour Party,Labour Party,718,True,Elected,1307,54.93,1,Labour Party,129,30.3,2081,,#E4003B,https://www.royalgreenwich.gov.uk/council-and-elections/elections-and-voting/2026-local-elections-results,official_declared,,
2026,Greenwich,West Thamesmead,SPENCER Jahdia,Labour Party,Labour Party,589,True,Elected,1307,45.07,2,Labour Party,129,30.3,2081,,#E4003B,https://www.royalgreenwich.gov.uk/council-and-elections/elections-and-voting/2026-local-elections-results,official_declared,,
2026,Greenwich,Woolwich Arsenal,AYODELE Joshua,Labour and Co-operative Party,Labour Party,1249,True,Elected,9458,13.21,1,Labour Party,146,36.9,3257,,#E4003B,https://www.royalgreenwich.gov.uk/council-and-elections/elections-and-voting/2026-local-elections-results,official_declared,,
2026,Greenwich,Woolwich Arsenal,BOWERS Alex,Reform UK,Reform UK,411,False,Not Elected,9458,4.35,8,Labour Party,146,36.9,3257,,#12B6CF,https://www.royalgreenwich.gov.uk/council-and-elections/elections-and-voting/2026-local-elections-results,official_declared,,
2026,Greenwich,Woolwich Arsenal,BROWN Paul,Local Conservatives,Conservative Party,417,False,Not Elected,9458,4.41,7,Labour Party,146,36.9,3257,,#0087DC,https://www.royalgreenwich.gov.uk/council-and-elections/elections-and-voting/2026-local-elections-results,official_declared,,
2026,Greenwich,Woolwich Arsenal,BUDDEN Nathan,Green Party,Green Party,1023,False,Not Elected,9458,10.82,4,Labour Party,146,36.9,3257,,#02A95B,https://www.royalgreenwich.gov.uk/council-and-elections/elections-and-voting/2026-local-elections-results,official_declared,,
2026,Greenwich,Woolwich Arsenal,DAVIS Aileen,Local Conservatives,Conservative Party,345,False,Not Elected,9458,3.65,11,Labour Party,146,36.9,3257,,#0087DC,https://www.royalgreenwich.gov.uk/council-and-elections/elections-and-voting/2026-local-elections-results,official_declared,,
2026,Greenwich,Woolwich Arsenal,JANODY Karen,Green Party,Green Party,976,False,Not Elected,9458,10.32,5,Labour Party,146,36.9,3257,,#02A95B,https://www.royalgreenwich.gov.uk/council-and-elections/elections-and-voting/2026-local-elections-results,official_declared,,
2026,Greenwich,Woolwich Arsenal,KALIA Sangeeta,Green Party,Green Party,967,False,Not Elected,9458,10.22,6,Labour Party,146,36.9,3257,,#02A95B,https://www.royalgreenwich.gov.uk/council-and-elections/elections-and-voting/2026-local-elections-results,official_declared,,
2026,Greenwich,Woolwich Arsenal,KELLY Tricia,Reform UK,Reform UK,386,False,Not Elected,9458,4.08,9,Labour Party,146,36.9,3257,,#12B6CF,https://www.royalgreenwich.gov.uk/council-and-elections/elections-and-voting/2026-local-elections-results,official_declared,,
2026,Greenwich,Woolwich Arsenal,LITTLEWOOD Sam,Labour and Co-operative Party,Labour Party,1103,True,Elected,9458,11.66,2,Labour Party,146,36.9,3257,,#E4003B,https://www.royalgreenwich.gov.uk/council-and-elections/elections-and-voting/2026-local-elections-results,official_declared,,
2026,Greenwich,Woolwich Arsenal,LOCK Andrew,Liberal Democrats,Liberal Democrats,295,False,Not Elected,9458,3.12,13,Labour Party,146,36.9,3257,,#FAA61A,https://www.royalgreenwich.gov.uk/council-and-elections/elections-and-voting/2026-local-elections-results,official_declared,,
2026,Greenwich,Woolwich Arsenal,MOORES Michaela,Liberal Democrats,Liberal Democrats,283,False,Not Elected,9458,2.99,14,Labour Party,146,36.9,3257,,#FAA61A,https://www.royalgreenwich.gov.uk/council-and-elections/elections-and-voting/2026-local-elections-results,official_declared,,
2026,Greenwich,Woolwich Arsenal,NWABUDIKE Anthony Ikedife,Reform UK,Reform UK,350,False,Not Elected,9458,3.7,10,Labour Party,146,36.9,3257,,#12B6CF,https://www.royalgreenwich.gov.uk/council-and-elections/elections-and-voting/2026-local-elections-results,official_declared,,
2026,Greenwich,Woolwich Arsenal,O`LEARY Hugh,Local Conservatives,Conservative Party,343,False,Not Elected,9458,3.63,12,Labour Party,146,36.9,3257,,#0087DC,https://www.royalgreenwich.gov.uk/council-and-elections/elections-and-voting/2026-local-elections-results,official_declared,,
2026,Greenwich,Woolwich Arsenal,PERERA-DELCOURT Ramesh,Liberal Democrats,Liberal Democrats,238,False,Not Elected,9458,2.52,15,Labour Party,146,36.9,3257,,#FAA61A,https://www.royalgreenwich.gov.uk/council-and-elections/elections-and-voting/2026-local-elections-results,official_declared,,
2026,Greenwich,Woolwich Arsenal,SMITH Jackie,Labour and Co-operative Party,Labour Party,1072,True,Elected,9458,11.33,3,Labour Party,146,36.9,3257,,#E4003B,https://www.royalgreenwich.gov.uk/council-and-elections/elections-and-voting/2026-local-elections-results,official_declared,,
2026,Greenwich,Woolwich Common,ABBATE Ulysse,Liberal Democrats,Liberal Democrats,139,False,Not Elected,4907,2.83,10,Labour Party,24,31.8,2560,,#FAA61A,https://www.royalgreenwich.gov.uk/council-and-elections/elections-and-voting/2026-local-elections-results,official_declared,,
2026,Greenwich,Woolwich Common,CECIL Alan,Reform UK,Reform UK,317,False,Not Elected,4907,6.46,6,Labour Party,24,31.8,2560,,#12B6CF,https://www.royalgreenwich.gov.uk/council-and-elections/elections-and-voting/2026-local-elections-results,official_declared,,
2026,Greenwich,Woolwich Common,GARDINER Kirsty,Green Party,Green Party,808,False,Not Elected,4907,16.47,3,Labour Party,24,31.8,2560,,#02A95B,https://www.royalgreenwich.gov.uk/council-and-elections/elections-and-voting/2026-local-elections-results,official_declared,,
2026,Greenwich,Woolwich Common,GLINSMAN Matthew,Liberal Democrats,Liberal Democrats,146,False,Not Elected,4907,2.98,9,Labour Party,24,31.8,2560,,#FAA61A,https://www.royalgreenwich.gov.uk/council-and-elections/elections-and-voting/2026-local-elections-results,official_declared,,
2026,Greenwich,Woolwich Common,IGE Elizabeth,Labour and Co-operative Party,Labour Party,1056,True,Elected,4907,21.52,1,Labour Party,24,31.8,2560,,#E4003B,https://www.royalgreenwich.gov.uk/council-and-elections/elections-and-voting/2026-local-elections-results,official_declared,,
2026,Greenwich,Woolwich Common,LONGHURST Sem,Green Party,Green Party,666,False,Not Elected,4907,13.57,4,Labour Party,24,31.8,2560,,#02A95B,https://www.royalgreenwich.gov.uk/council-and-elections/elections-and-voting/2026-local-elections-results,official_declared,,
2026,Greenwich,Woolwich Common,MAYNE Selina Joyce,Reform UK,Reform UK,341,False,Not Elected,4907,6.95,5,Labour Party,24,31.8,2560,,#12B6CF,https://www.royalgreenwich.gov.uk/council-and-elections/elections-and-voting/2026-local-elections-results,official_declared,,
2026,Greenwich,Woolwich Common,MORRIS Jonathan,Local Conservatives,Conservative Party,208,False,Not Elected,4907,4.24,7,Labour Party,24,31.8,2560,,#0087DC,https://www.royalgreenwich.gov.uk/council-and-elections/elections-and-voting/2026-local-elections-results,official_declared,,
2026,Greenwich,Woolwich Common,OKEREKE Anthony,Labour and Co-operative Party,Labour Party,1032,True,Elected,4907,21.03,2,Labour Party,24,31.8,2560,,#E4003B,https://www.royalgreenwich.gov.uk/council-and-elections/elections-and-voting/2026-local-elections-results,official_declared,,
2026,Greenwich,Woolwich Common,WILSON Victoria,Local Conservatives,Conservative Party,194,False,Not Elected,4907,3.95,8,Labour Party,24,31.8,2560,,#0087DC,https://www.royalgreenwich.gov.uk/council-and-elections/elections-and-voting/2026-local-elections-results,official_declared,,
2026,Greenwich,Woolwich Dockyard,MOHAMMED Asli,Labour and Co-operative Party,Labour Party,1082,True,Elected,2054,52.68,1,Labour Party,110,35.9,2748,,#E4003B,https://www.royalgreenwich.gov.uk/council-and-elections/elections-and-voting/2026-local-elections-results,official_declared,,
2026,Greenwich,Woolwich Dockyard,ZEESHAN Raja,Labour and Co-operative Party,Labour Party,972,True,Elected,2054,47.32,2,Labour Party,110,35.9,2748,,#E4003B,https://www.royalgreenwich.gov.uk/council-and-elections/elections-and-voting/2026-local-elections-results,official_declared,,
