election_year,borough,ward,candidate,party,votes,elected,ward_total_votes,vote_share_pct,rank_in_ward,seat_position,party_colour,winning_party,winning_margin,turnout_pct,rejected_ballots,previous_election_swing,geo_reference,electorate,seats_available,data_status,source_url
2026,Redbridge,Aldborough,Zahrah Awaleh,Redbridge Independents,,,,,,Pending count,#7C3AED,,,43.18,,,,10646,3,candidates_published_votes_pending,https://www.redbridge.gov.uk/voting-and-elections/local-election-results/
2026,Redbridge,Aldborough,Joshua Bridgeman-Carty,Redbridge Independents,,,,,,Pending count,#7C3AED,,,43.18,,,,10646,3,candidates_published_votes_pending,https://www.redbridge.gov.uk/voting-and-elections/local-election-results/
2026,Redbridge,Aldborough,Ian Caswell,Local Conservatives,,,,,,Pending count,#0087DC,,,43.18,,,,10646,3,candidates_published_votes_pending,https://www.redbridge.gov.uk/voting-and-elections/local-election-results/
2026,Redbridge,Aldborough,Gwyneth Deakins,Liberal Democrats,,,,,,Pending count,#FAA61A,,,43.18,,,,10646,3,candidates_published_votes_pending,https://www.redbridge.gov.uk/voting-and-elections/local-election-results/
2026,Redbridge,Aldborough,Andrew Eracleous,Liberal Democrats,,,,,,Pending count,#FAA61A,,,43.18,,,,10646,3,candidates_published_votes_pending,https://www.redbridge.gov.uk/voting-and-elections/local-election-results/
2026,Redbridge,Aldborough,Jyotsna Islam,Labour Party,,,,,,Pending count,#E4003B,,,43.18,,,,10646,3,candidates_published_votes_pending,https://www.redbridge.gov.uk/voting-and-elections/local-election-results/
2026,Redbridge,Aldborough,Janum Janum,Redbridge Independents,,,,,,Pending count,#7C3AED,,,43.18,,,,10646,3,candidates_published_votes_pending,https://www.redbridge.gov.uk/voting-and-elections/local-election-results/
2026,Redbridge,Aldborough,Alison Jay,Reform UK,,,,,,Pending count,#12B6CF,,,43.18,,,,10646,3,candidates_published_votes_pending,https://www.redbridge.gov.uk/voting-and-elections/local-election-results/
2026,Redbridge,Aldborough,Sara Kassam,Green Party Candidate,,,,,,Pending count,#02A95B,,,43.18,,,,10646,3,candidates_published_votes_pending,https://www.redbridge.gov.uk/voting-and-elections/local-election-results/
2026,Redbridge,Aldborough,Naresh Macherla,Independent,,,,,,Pending count,#A3A3A3,,,43.18,,,,10646,3,candidates_published_votes_pending,https://www.redbridge.gov.uk/voting-and-elections/local-election-results/
2026,Redbridge,Aldborough,Rahul Mahajan,Local Conservatives,,,,,,Pending count,#0087DC,,,43.18,,,,10646,3,candidates_published_votes_pending,https://www.redbridge.gov.uk/voting-and-elections/local-election-results/
2026,Redbridge,Aldborough,Shahana Mashrur,Reform UK,,,,,,Pending count,#12B6CF,,,43.18,,,,10646,3,candidates_published_votes_pending,https://www.redbridge.gov.uk/voting-and-elections/local-election-results/
2026,Redbridge,Aldborough,Lebo Phakoe,Labour Party,,,,,,Pending count,#E4003B,,,43.18,,,,10646,3,candidates_published_votes_pending,https://www.redbridge.gov.uk/voting-and-elections/local-election-results/
2026,Redbridge,Aldborough,Kam Rai,Labour Party,,,,,,Pending count,#E4003B,,,43.18,,,,10646,3,candidates_published_votes_pending,https://www.redbridge.gov.uk/voting-and-elections/local-election-results/
2026,Redbridge,Aldborough,Dhenesh Ramanathan,Reform UK,,,,,,Pending count,#12B6CF,,,43.18,,,,10646,3,candidates_published_votes_pending,https://www.redbridge.gov.uk/voting-and-elections/local-election-results/
2026,Redbridge,Aldborough,Savita Sharma,Local Conservatives,,,,,,Pending count,#0087DC,,,43.18,,,,10646,3,candidates_published_votes_pending,https://www.redbridge.gov.uk/voting-and-elections/local-election-results/
2026,Redbridge,Aldborough,Omer Sohail,Independent,,,,,,Pending count,#A3A3A3,,,43.18,,,,10646,3,candidates_published_votes_pending,https://www.redbridge.gov.uk/voting-and-elections/local-election-results/
2026,Redbridge,Aldborough,Rosemary Thomas,Liberal Democrats,,,,,,Pending count,#FAA61A,,,43.18,,,,10646,3,candidates_published_votes_pending,https://www.redbridge.gov.uk/voting-and-elections/local-election-results/
2026,Redbridge,Aldborough,Alison Wood,Green Party Candidate,,,,,,Pending count,#02A95B,,,43.18,,,,10646,3,candidates_published_votes_pending,https://www.redbridge.gov.uk/voting-and-elections/local-election-results/
2026,Redbridge,Barkingside,Vinod Kumar Agrawal,Local Conservatives,,,,,,Pending count,#0087DC,,,45.16,,,,11126,3,candidates_published_votes_pending,https://www.redbridge.gov.uk/voting-and-elections/local-election-results/
2026,Redbridge,Barkingside,Vaseem Ahmed,Redbridge Independents,,,,,,Pending count,#7C3AED,,,45.16,,,,11126,3,candidates_published_votes_pending,https://www.redbridge.gov.uk/voting-and-elections/local-election-results/
2026,Redbridge,Barkingside,Samine Aseeb,Redbridge Independents,,,,,,Pending count,#7C3AED,,,45.16,,,,11126,3,candidates_published_votes_pending,https://www.redbridge.gov.uk/voting-and-elections/local-election-results/
2026,Redbridge,Barkingside,Harminder Singh Bal,Labour Party,,,,,,Pending count,#E4003B,,,45.16,,,,11126,3,candidates_published_votes_pending,https://www.redbridge.gov.uk/voting-and-elections/local-election-results/
2026,Redbridge,Barkingside,Steven Batey,Reform UK,,,,,,Pending count,#12B6CF,,,45.16,,,,11126,3,candidates_published_votes_pending,https://www.redbridge.gov.uk/voting-and-elections/local-election-results/
2026,Redbridge,Barkingside,Riaz Mahmood Bhatti,Redbridge Independents,,,,,,Pending count,#7C3AED,,,45.16,,,,11126,3,candidates_published_votes_pending,https://www.redbridge.gov.uk/voting-and-elections/local-election-results/
2026,Redbridge,Barkingside,John Richard Clare,Liberal Democrats,,,,,,Pending count,#FAA61A,,,45.16,,,,11126,3,candidates_published_votes_pending,https://www.redbridge.gov.uk/voting-and-elections/local-election-results/
2026,Redbridge,Barkingside,Syeda Ferdausa Pasha,Labour Party,,,,,,Pending count,#E4003B,,,45.16,,,,11126,3,candidates_published_votes_pending,https://www.redbridge.gov.uk/voting-and-elections/local-election-results/
2026,Redbridge,Barkingside,Ihsan Khan,Local Conservatives,,,,,,Pending count,#0087DC,,,45.16,,,,11126,3,candidates_published_votes_pending,https://www.redbridge.gov.uk/voting-and-elections/local-election-results/
2026,Redbridge,Barkingside,Vishwanath Kokkonda,Reform UK,,,,,,Pending count,#12B6CF,,,45.16,,,,11126,3,candidates_published_votes_pending,https://www.redbridge.gov.uk/voting-and-elections/local-election-results/
2026,Redbridge,Barkingside,Saravanan Muthusamy,Local Conservatives,,,,,,Pending count,#0087DC,,,45.16,,,,11126,3,candidates_published_votes_pending,https://www.redbridge.gov.uk/voting-and-elections/local-election-results/
2026,Redbridge,Barkingside,Martin Sachs,Labour Party,,,,,,Pending count,#E4003B,,,45.16,,,,11126,3,candidates_published_votes_pending,https://www.redbridge.gov.uk/voting-and-elections/local-election-results/
2026,Redbridge,Barkingside,W Thomas Thambipillai,Reform UK,,,,,,Pending count,#12B6CF,,,45.16,,,,11126,3,candidates_published_votes_pending,https://www.redbridge.gov.uk/voting-and-elections/local-election-results/
2026,Redbridge,Bridge,Stephen Adams,Conservative Party,,,,,,Pending count,#0087DC,,,45.5,,,,9653,3,candidates_published_votes_pending,https://www.redbridge.gov.uk/voting-and-elections/local-election-results/
2026,Redbridge,Bridge,Misba Ahmed,Labour Party,,,,,,Pending count,#E4003B,,,45.5,,,,9653,3,candidates_published_votes_pending,https://www.redbridge.gov.uk/voting-and-elections/local-election-results/
2026,Redbridge,Bridge,Richard Ernest Andrews,Green Party Candidate,,,,,,Pending count,#02A95B,,,45.5,,,,9653,3,candidates_published_votes_pending,https://www.redbridge.gov.uk/voting-and-elections/local-election-results/
2026,Redbridge,Bridge,Gurdial Singh Bhamra,Labour Party,,,,,,Pending count,#E4003B,,,45.5,,,,9653,3,candidates_published_votes_pending,https://www.redbridge.gov.uk/voting-and-elections/local-election-results/
2026,Redbridge,Bridge,Jesmin Chowdhury,Labour Party,,,,,,Pending count,#E4003B,,,45.5,,,,9653,3,candidates_published_votes_pending,https://www.redbridge.gov.uk/voting-and-elections/local-election-results/
2026,Redbridge,Bridge,Rachel Collinson,Green Party Candidate,,,,,,Pending count,#02A95B,,,45.5,,,,9653,3,candidates_published_votes_pending,https://www.redbridge.gov.uk/voting-and-elections/local-election-results/
2026,Redbridge,Bridge,Adam Joiner,Conservative Party,,,,,,Pending count,#0087DC,,,45.5,,,,9653,3,candidates_published_votes_pending,https://www.redbridge.gov.uk/voting-and-elections/local-election-results/
2026,Redbridge,Bridge,Thomas Jose,Reform UK,,,,,,Pending count,#12B6CF,,,45.5,,,,9653,3,candidates_published_votes_pending,https://www.redbridge.gov.uk/voting-and-elections/local-election-results/
2026,Redbridge,Bridge,Joe Iain McIntosh,Green Party Candidate,,,,,,Pending count,#02A95B,,,45.5,,,,9653,3,candidates_published_votes_pending,https://www.redbridge.gov.uk/voting-and-elections/local-election-results/
2026,Redbridge,Bridge,Josiah Moseley,Conservative Party,,,,,,Pending count,#0087DC,,,45.5,,,,9653,3,candidates_published_votes_pending,https://www.redbridge.gov.uk/voting-and-elections/local-election-results/
2026,Redbridge,Bridge,Dilip Padipurakalathi,Liberal Democrats,,,,,,Pending count,#FAA61A,,,45.5,,,,9653,3,candidates_published_votes_pending,https://www.redbridge.gov.uk/voting-and-elections/local-election-results/
2026,Redbridge,Bridge,Stuart David Shulton,Reform UK,,,,,,Pending count,#12B6CF,,,45.5,,,,9653,3,candidates_published_votes_pending,https://www.redbridge.gov.uk/voting-and-elections/local-election-results/
2026,Redbridge,Bridge,Rakesh Vasis,Reform UK,,,,,,Pending count,#12B6CF,,,45.5,,,,9653,3,candidates_published_votes_pending,https://www.redbridge.gov.uk/voting-and-elections/local-election-results/
2026,Redbridge,Chadwell,Muhammad Touseef Afzal,Redbridge Independents,,,,,,Pending count,#7C3AED,,,38.81,,,,11275,3,candidates_published_votes_pending,https://www.redbridge.gov.uk/voting-and-elections/local-election-results/
2026,Redbridge,Chadwell,Waz Akram,Reform UK,,,,,,Pending count,#12B6CF,,,38.81,,,,11275,3,candidates_published_votes_pending,https://www.redbridge.gov.uk/voting-and-elections/local-election-results/
2026,Redbridge,Chadwell,Shamima Aktar,Redbridge Matters,,,,,,Pending count,#EC4899,,,38.81,,,,11275,3,candidates_published_votes_pending,https://www.redbridge.gov.uk/voting-and-elections/local-election-results/
2026,Redbridge,Chadwell,Niamh Victoria Atkins,Green Party Candidate,,,,,,Pending count,#02A95B,,,38.81,,,,11275,3,candidates_published_votes_pending,https://www.redbridge.gov.uk/voting-and-elections/local-election-results/
2026,Redbridge,Chadwell,Shirley Baah-Mensah,Conservative Party,,,,,,Pending count,#0087DC,,,38.81,,,,11275,3,candidates_published_votes_pending,https://www.redbridge.gov.uk/voting-and-elections/local-election-results/
2026,Redbridge,Chadwell,Arakoth Ahmed Chowdhury,Redbridge Independents,,,,,,Pending count,#7C3AED,,,38.81,,,,11275,3,candidates_published_votes_pending,https://www.redbridge.gov.uk/voting-and-elections/local-election-results/
2026,Redbridge,Chadwell,Bert Alexander Jones,Labour Party,,,,,,Pending count,#E4003B,,,38.81,,,,11275,3,candidates_published_votes_pending,https://www.redbridge.gov.uk/voting-and-elections/local-election-results/
2026,Redbridge,Chadwell,Monis Khan,Conservative Party,,,,,,Pending count,#0087DC,,,38.81,,,,11275,3,candidates_published_votes_pending,https://www.redbridge.gov.uk/voting-and-elections/local-election-results/
2026,Redbridge,Chadwell,Aba Kristilolu,Redbridge Independents,,,,,,Pending count,#7C3AED,,,38.81,,,,11275,3,candidates_published_votes_pending,https://www.redbridge.gov.uk/voting-and-elections/local-election-results/
2026,Redbridge,Chadwell,Muhammad Abdul Hakim Layek,Labour Party,,,,,,Pending count,#E4003B,,,38.81,,,,11275,3,candidates_published_votes_pending,https://www.redbridge.gov.uk/voting-and-elections/local-election-results/
2026,Redbridge,Chadwell,Ahmed Maruf,Redbridge Matters,,,,,,Pending count,#EC4899,,,38.81,,,,11275,3,candidates_published_votes_pending,https://www.redbridge.gov.uk/voting-and-elections/local-election-results/
2026,Redbridge,Chadwell,Prince Nnaemeka Nwankwo,Green Party Candidate,,,,,,Pending count,#02A95B,,,38.81,,,,11275,3,candidates_published_votes_pending,https://www.redbridge.gov.uk/voting-and-elections/local-election-results/
2026,Redbridge,Chadwell,Sagal Abshir Osman,Liberal Democrats,,,,,,Pending count,#FAA61A,,,38.81,,,,11275,3,candidates_published_votes_pending,https://www.redbridge.gov.uk/voting-and-elections/local-election-results/
2026,Redbridge,Chadwell,Maximillian Phoenix,Reform UK,,,,,,Pending count,#12B6CF,,,38.81,,,,11275,3,candidates_published_votes_pending,https://www.redbridge.gov.uk/voting-and-elections/local-election-results/
2026,Redbridge,Chadwell,Luthfa Rahman,Labour Party,,,,,,Pending count,#E4003B,,,38.81,,,,11275,3,candidates_published_votes_pending,https://www.redbridge.gov.uk/voting-and-elections/local-election-results/
2026,Redbridge,Chadwell,Syed Eyamen Siddiqi,Green Party Candidate,,,,,,Pending count,#02A95B,,,38.81,,,,11275,3,candidates_published_votes_pending,https://www.redbridge.gov.uk/voting-and-elections/local-election-results/
2026,Redbridge,Chadwell,Gary Peter Staight,Liberal Democrats,,,,,,Pending count,#FAA61A,,,38.81,,,,11275,3,candidates_published_votes_pending,https://www.redbridge.gov.uk/voting-and-elections/local-election-results/
2026,Redbridge,Chadwell,Sanjay Kumar Vijh,Conservative Party,,,,,,Pending count,#0087DC,,,38.81,,,,11275,3,candidates_published_votes_pending,https://www.redbridge.gov.uk/voting-and-elections/local-election-results/
2026,Redbridge,Churchfields,Nicola Cuthbert,Reform UK,,,,,,Pending count,#12B6CF,,,48.78,,,,10773,3,candidates_published_votes_pending,https://www.redbridge.gov.uk/voting-and-elections/local-election-results/
2026,Redbridge,Churchfields,Lloyd Jacob Duddridge,Labour Party,,,,,,Pending count,#E4003B,,,48.78,,,,10773,3,candidates_published_votes_pending,https://www.redbridge.gov.uk/voting-and-elections/local-election-results/
2026,Redbridge,Churchfields,Judith Anne Naomi Garfield,Labour Party,,,,,,Pending count,#E4003B,,,48.78,,,,10773,3,candidates_published_votes_pending,https://www.redbridge.gov.uk/voting-and-elections/local-election-results/
2026,Redbridge,Churchfields,Jillian Ghose,Independent,,,,,,Pending count,#A3A3A3,,,48.78,,,,10773,3,candidates_published_votes_pending,https://www.redbridge.gov.uk/voting-and-elections/local-election-results/
2026,Redbridge,Churchfields,Chrissie Gorman,Conservative Party,,,,,,Pending count,#0087DC,,,48.78,,,,10773,3,candidates_published_votes_pending,https://www.redbridge.gov.uk/voting-and-elections/local-election-results/
2026,Redbridge,Churchfields,Zohair Hassan,Conservative Party,,,,,,Pending count,#0087DC,,,48.78,,,,10773,3,candidates_published_votes_pending,https://www.redbridge.gov.uk/voting-and-elections/local-election-results/
2026,Redbridge,Churchfields,Heather Liddle,Liberal Democrats,,,,,,Pending count,#FAA61A,,,48.78,,,,10773,3,candidates_published_votes_pending,https://www.redbridge.gov.uk/voting-and-elections/local-election-results/
2026,Redbridge,Churchfields,John Long,Reform UK,,,,,,Pending count,#12B6CF,,,48.78,,,,10773,3,candidates_published_votes_pending,https://www.redbridge.gov.uk/voting-and-elections/local-election-results/
2026,Redbridge,Churchfields,Rita Mahli,Independent,,,,,,Pending count,#A3A3A3,,,48.78,,,,10773,3,candidates_published_votes_pending,https://www.redbridge.gov.uk/voting-and-elections/local-election-results/
2026,Redbridge,Churchfields,Guy Owen Mansfield Williams,Labour Party,,,,,,Pending count,#E4003B,,,48.78,,,,10773,3,candidates_published_votes_pending,https://www.redbridge.gov.uk/voting-and-elections/local-election-results/
2026,Redbridge,Churchfields,Samantha Quaresma-Cabral,Conservative Party,,,,,,Pending count,#0087DC,,,48.78,,,,10773,3,candidates_published_votes_pending,https://www.redbridge.gov.uk/voting-and-elections/local-election-results/
2026,Redbridge,Churchfields,Martin Ian Rosner,Liberal Democrats,,,,,,Pending count,#FAA61A,,,48.78,,,,10773,3,candidates_published_votes_pending,https://www.redbridge.gov.uk/voting-and-elections/local-election-results/
2026,Redbridge,Churchfields,Michael Helmut Teahan,Liberal Democrats,,,,,,Pending count,#FAA61A,,,48.78,,,,10773,3,candidates_published_votes_pending,https://www.redbridge.gov.uk/voting-and-elections/local-election-results/
2026,Redbridge,Churchfields,Helen Watson,Independent,,,,,,Pending count,#A3A3A3,,,48.78,,,,10773,3,candidates_published_votes_pending,https://www.redbridge.gov.uk/voting-and-elections/local-election-results/
2026,Redbridge,Churchfields,Alex Wilson,Reform UK,,,,,,Pending count,#12B6CF,,,48.78,,,,10773,3,candidates_published_votes_pending,https://www.redbridge.gov.uk/voting-and-elections/local-election-results/
2026,Redbridge,Clayhall,Krishen Bhardwaj,Redbridge Independents,,,,,,Pending count,#7C3AED,,,44.0,,,,10206,3,candidates_published_votes_pending,https://www.redbridge.gov.uk/voting-and-elections/local-election-results/
2026,Redbridge,Clayhall,Lily Jean Metcalfe Boon,Green Party Candidate,,,,,,Pending count,#02A95B,,,44.0,,,,10206,3,candidates_published_votes_pending,https://www.redbridge.gov.uk/voting-and-elections/local-election-results/
2026,Redbridge,Clayhall,Kalpana Bose,Labour Party,,,,,,Pending count,#E4003B,,,44.0,,,,10206,3,candidates_published_votes_pending,https://www.redbridge.gov.uk/voting-and-elections/local-election-results/
2026,Redbridge,Clayhall,John Andrew Brodie,Reform UK,,,,,,Pending count,#12B6CF,,,44.0,,,,10206,3,candidates_published_votes_pending,https://www.redbridge.gov.uk/voting-and-elections/local-election-results/
2026,Redbridge,Clayhall,Miki Dutta,Reform UK,,,,,,Pending count,#12B6CF,,,44.0,,,,10206,3,candidates_published_votes_pending,https://www.redbridge.gov.uk/voting-and-elections/local-election-results/
2026,Redbridge,Clayhall,Vinil Kumar Gupta,Local Conservatives,,,,,,Pending count,#0087DC,,,44.0,,,,10206,3,candidates_published_votes_pending,https://www.redbridge.gov.uk/voting-and-elections/local-election-results/
2026,Redbridge,Clayhall,Richard Martin Heins,Reform UK,,,,,,Pending count,#12B6CF,,,44.0,,,,10206,3,candidates_published_votes_pending,https://www.redbridge.gov.uk/voting-and-elections/local-election-results/
2026,Redbridge,Clayhall,Ashburn Holder,Redbridge Independents,,,,,,Pending count,#7C3AED,,,44.0,,,,10206,3,candidates_published_votes_pending,https://www.redbridge.gov.uk/voting-and-elections/local-election-results/
2026,Redbridge,Clayhall,Obaidul Khan,Local Conservatives,,,,,,Pending count,#0087DC,,,44.0,,,,10206,3,candidates_published_votes_pending,https://www.redbridge.gov.uk/voting-and-elections/local-election-results/
2026,Redbridge,Clayhall,Kabir Mahmud,Redbridge Matters,,,,,,Pending count,#EC4899,,,44.0,,,,10206,3,candidates_published_votes_pending,https://www.redbridge.gov.uk/voting-and-elections/local-election-results/
2026,Redbridge,Clayhall,Karen Packer,Local Conservatives,,,,,,Pending count,#0087DC,,,44.0,,,,10206,3,candidates_published_votes_pending,https://www.redbridge.gov.uk/voting-and-elections/local-election-results/
2026,Redbridge,Clayhall,Kamal Hussain Qureshi,Labour Party,,,,,,Pending count,#E4003B,,,44.0,,,,10206,3,candidates_published_votes_pending,https://www.redbridge.gov.uk/voting-and-elections/local-election-results/
2026,Redbridge,Clayhall,Azizur Rahman,Redbridge Independents,,,,,,Pending count,#7C3AED,,,44.0,,,,10206,3,candidates_published_votes_pending,https://www.redbridge.gov.uk/voting-and-elections/local-election-results/
2026,Redbridge,Clayhall,Natascia Paola Servini,Liberal Democrats,,,,,,Pending count,#FAA61A,,,44.0,,,,10206,3,candidates_published_votes_pending,https://www.redbridge.gov.uk/voting-and-elections/local-election-results/
2026,Redbridge,Clayhall,Mohammed Abdus Shahid,Redbridge Matters,,,,,,Pending count,#EC4899,,,44.0,,,,10206,3,candidates_published_votes_pending,https://www.redbridge.gov.uk/voting-and-elections/local-election-results/
2026,Redbridge,Clayhall,Kathleen Patricia Teahan,Liberal Democrats,,,,,,Pending count,#FAA61A,,,44.0,,,,10206,3,candidates_published_votes_pending,https://www.redbridge.gov.uk/voting-and-elections/local-election-results/
2026,Redbridge,Clayhall,Jamal Uddin,Labour Party,,,,,,Pending count,#E4003B,,,44.0,,,,10206,3,candidates_published_votes_pending,https://www.redbridge.gov.uk/voting-and-elections/local-election-results/
2026,Redbridge,Clayhall,Joel Winston,Liberal Democrats,,,,,,Pending count,#FAA61A,,,44.0,,,,10206,3,candidates_published_votes_pending,https://www.redbridge.gov.uk/voting-and-elections/local-election-results/
2026,Redbridge,Clementswood,Farjana Afroja,Redbridge Matters,,,,,,Pending count,#EC4899,,,27.0,,,,9574,3,candidates_published_votes_pending,https://www.redbridge.gov.uk/voting-and-elections/local-election-results/
2026,Redbridge,Clementswood,Zain Ali,Green Party Candidate,,,,,,Pending count,#02A95B,,,27.0,,,,9574,3,candidates_published_votes_pending,https://www.redbridge.gov.uk/voting-and-elections/local-election-results/
2026,Redbridge,Clementswood,Ritu Chaubey,Conservative Party,,,,,,Pending count,#0087DC,,,27.0,,,,9574,3,candidates_published_votes_pending,https://www.redbridge.gov.uk/voting-and-elections/local-election-results/
2026,Redbridge,Clementswood,Finlay Collins,Liberal Democrats,,,,,,Pending count,#FAA61A,,,27.0,,,,9574,3,candidates_published_votes_pending,https://www.redbridge.gov.uk/voting-and-elections/local-election-results/
2026,Redbridge,Clementswood,Sarika Dube,Conservative Party,,,,,,Pending count,#0087DC,,,27.0,,,,9574,3,candidates_published_votes_pending,https://www.redbridge.gov.uk/voting-and-elections/local-election-results/
2026,Redbridge,Clementswood,Fazlul Haque,Redbridge Independents,,,,,,Pending count,#7C3AED,,,27.0,,,,9574,3,candidates_published_votes_pending,https://www.redbridge.gov.uk/voting-and-elections/local-election-results/
2026,Redbridge,Clementswood,Zulfiqar Hussain,Labour Party,,,,,,Pending count,#E4003B,,,27.0,,,,9574,3,candidates_published_votes_pending,https://www.redbridge.gov.uk/voting-and-elections/local-election-results/
2026,Redbridge,Clementswood,Abdurahman Akhtar Jafar,Redbridge Independents,,,,,,Pending count,#7C3AED,,,27.0,,,,9574,3,candidates_published_votes_pending,https://www.redbridge.gov.uk/voting-and-elections/local-election-results/
2026,Redbridge,Clementswood,Muhammed Javed,Labour Party,,,,,,Pending count,#E4003B,,,27.0,,,,9574,3,candidates_published_votes_pending,https://www.redbridge.gov.uk/voting-and-elections/local-election-results/
2026,Redbridge,Clementswood,Muhammad Arif Mughal,Redbridge Independents,,,,,,Pending count,#7C3AED,,,27.0,,,,9574,3,candidates_published_votes_pending,https://www.redbridge.gov.uk/voting-and-elections/local-election-results/
2026,Redbridge,Clementswood,Tanaka Nasrin Pinki,Green Party Candidate,,,,,,Pending count,#02A95B,,,27.0,,,,9574,3,candidates_published_votes_pending,https://www.redbridge.gov.uk/voting-and-elections/local-election-results/
2026,Redbridge,Clementswood,Taifur Rashid,Labour Party,,,,,,Pending count,#E4003B,,,27.0,,,,9574,3,candidates_published_votes_pending,https://www.redbridge.gov.uk/voting-and-elections/local-election-results/
2026,Redbridge,Clementswood,Peter Roovers,Reform UK,,,,,,Pending count,#12B6CF,,,27.0,,,,9574,3,candidates_published_votes_pending,https://www.redbridge.gov.uk/voting-and-elections/local-election-results/
2026,Redbridge,Clementswood,Saheena Saeed,Green Party Candidate,,,,,,Pending count,#02A95B,,,27.0,,,,9574,3,candidates_published_votes_pending,https://www.redbridge.gov.uk/voting-and-elections/local-election-results/
2026,Redbridge,Clementswood,Deepika Verma,Conservative Party,,,,,,Pending count,#0087DC,,,27.0,,,,9574,3,candidates_published_votes_pending,https://www.redbridge.gov.uk/voting-and-elections/local-election-results/
2026,Redbridge,Cranbrook,Chaudhary Mushtaq Ahmed,Labour Party,,,,,,Pending count,#E4003B,,,38.52,,,,9865,3,candidates_published_votes_pending,https://www.redbridge.gov.uk/voting-and-elections/local-election-results/
2026,Redbridge,Cranbrook,Mohammed Asif,Independent,,,,,,Pending count,#A3A3A3,,,38.52,,,,9865,3,candidates_published_votes_pending,https://www.redbridge.gov.uk/voting-and-elections/local-election-results/
2026,Redbridge,Cranbrook,Mohamed Shukry Haleemdeen,Redbridge Independents,,,,,,Pending count,#7C3AED,,,38.52,,,,9865,3,candidates_published_votes_pending,https://www.redbridge.gov.uk/voting-and-elections/local-election-results/
2026,Redbridge,Cranbrook,Feza Haque,Redbridge Independents,,,,,,Pending count,#7C3AED,,,38.52,,,,9865,3,candidates_published_votes_pending,https://www.redbridge.gov.uk/voting-and-elections/local-election-results/
2026,Redbridge,Cranbrook,Syed Shikul Islam,Labour Party,,,,,,Pending count,#E4003B,,,38.52,,,,9865,3,candidates_published_votes_pending,https://www.redbridge.gov.uk/voting-and-elections/local-election-results/
2026,Redbridge,Cranbrook,Grace Angelin Jacob,Liberal Democrats,,,,,,Pending count,#FAA61A,,,38.52,,,,9865,3,candidates_published_votes_pending,https://www.redbridge.gov.uk/voting-and-elections/local-election-results/
2026,Redbridge,Cranbrook,Saira Yasar Jamil,Labour Party,,,,,,Pending count,#E4003B,,,38.52,,,,9865,3,candidates_published_votes_pending,https://www.redbridge.gov.uk/voting-and-elections/local-election-results/
2026,Redbridge,Cranbrook,Steven Kraft,Reform UK,,,,,,Pending count,#12B6CF,,,38.52,,,,9865,3,candidates_published_votes_pending,https://www.redbridge.gov.uk/voting-and-elections/local-election-results/
2026,Redbridge,Cranbrook,Vissen Limbeea,Green Party Candidate,,,,,,Pending count,#02A95B,,,38.52,,,,9865,3,candidates_published_votes_pending,https://www.redbridge.gov.uk/voting-and-elections/local-election-results/
2026,Redbridge,Cranbrook,Nicole Maccari,Local Conservatives,,,,,,Pending count,#0087DC,,,38.52,,,,9865,3,candidates_published_votes_pending,https://www.redbridge.gov.uk/voting-and-elections/local-election-results/
2026,Redbridge,Cranbrook,Tahreem Noor,Redbridge Independents,,,,,,Pending count,#7C3AED,,,38.52,,,,9865,3,candidates_published_votes_pending,https://www.redbridge.gov.uk/voting-and-elections/local-election-results/
2026,Redbridge,Cranbrook,Surinder Pahl,Independent,,,,,,Pending count,#A3A3A3,,,38.52,,,,9865,3,candidates_published_votes_pending,https://www.redbridge.gov.uk/voting-and-elections/local-election-results/
2026,Redbridge,Cranbrook,Rambabu Siripurapu,Local Conservatives,,,,,,Pending count,#0087DC,,,38.52,,,,9865,3,candidates_published_votes_pending,https://www.redbridge.gov.uk/voting-and-elections/local-election-results/
2026,Redbridge,Cranbrook,Patricia Fay Steel,Reform UK,,,,,,Pending count,#12B6CF,,,38.52,,,,9865,3,candidates_published_votes_pending,https://www.redbridge.gov.uk/voting-and-elections/local-election-results/
2026,Redbridge,Cranbrook,Chiranjeev Verma,Local Conservatives,,,,,,Pending count,#0087DC,,,38.52,,,,9865,3,candidates_published_votes_pending,https://www.redbridge.gov.uk/voting-and-elections/local-election-results/
2026,Redbridge,Fairlop,Madhuri Bandaru,Reform UK,,,,,,Pending count,#12B6CF,,,42.0,,,,10204,3,candidates_published_votes_pending,https://www.redbridge.gov.uk/voting-and-elections/local-election-results/
2026,Redbridge,Fairlop,Gavin Bowtell,Liberal Democrats,,,,,,Pending count,#FAA61A,,,42.0,,,,10204,3,candidates_published_votes_pending,https://www.redbridge.gov.uk/voting-and-elections/local-election-results/
2026,Redbridge,Fairlop,Bob Chattaway,Labour Party,,,,,,Pending count,#E4003B,,,42.0,,,,10204,3,candidates_published_votes_pending,https://www.redbridge.gov.uk/voting-and-elections/local-election-results/
2026,Redbridge,Fairlop,Catherine Margaret Davies,Liberal Democrats,,,,,,Pending count,#FAA61A,,,42.0,,,,10204,3,candidates_published_votes_pending,https://www.redbridge.gov.uk/voting-and-elections/local-election-results/
2026,Redbridge,Fairlop,Erza Doda,Labour Party,,,,,,Pending count,#E4003B,,,42.0,,,,10204,3,candidates_published_votes_pending,https://www.redbridge.gov.uk/voting-and-elections/local-election-results/
2026,Redbridge,Fairlop,Richard David Firmstone,Local Conservatives,,,,,,Pending count,#0087DC,,,42.0,,,,10204,3,candidates_published_votes_pending,https://www.redbridge.gov.uk/voting-and-elections/local-election-results/
2026,Redbridge,Fairlop,Razwana Hafiz,Green Party Candidate,,,,,,Pending count,#02A95B,,,42.0,,,,10204,3,candidates_published_votes_pending,https://www.redbridge.gov.uk/voting-and-elections/local-election-results/
2026,Redbridge,Fairlop,Richard King,Reform UK,,,,,,Pending count,#12B6CF,,,42.0,,,,10204,3,candidates_published_votes_pending,https://www.redbridge.gov.uk/voting-and-elections/local-election-results/
2026,Redbridge,Fairlop,Cedric Vincent Felix Knight,Green Party Candidate,,,,,,Pending count,#02A95B,,,42.0,,,,10204,3,candidates_published_votes_pending,https://www.redbridge.gov.uk/voting-and-elections/local-election-results/
2026,Redbridge,Fairlop,Joyce Ellen Ryan,Local Conservatives,,,,,,Pending count,#0087DC,,,42.0,,,,10204,3,candidates_published_votes_pending,https://www.redbridge.gov.uk/voting-and-elections/local-election-results/
2026,Redbridge,Fairlop,Yogesh Saini,Labour Party,,,,,,Pending count,#E4003B,,,42.0,,,,10204,3,candidates_published_votes_pending,https://www.redbridge.gov.uk/voting-and-elections/local-election-results/
2026,Redbridge,Fairlop,Philip Richard Smith,Reform UK,,,,,,Pending count,#12B6CF,,,42.0,,,,10204,3,candidates_published_votes_pending,https://www.redbridge.gov.uk/voting-and-elections/local-election-results/
2026,Redbridge,Fairlop,Sayeed Syduzzaman,Local Conservatives,,,,,,Pending count,#0087DC,,,42.0,,,,10204,3,candidates_published_votes_pending,https://www.redbridge.gov.uk/voting-and-elections/local-election-results/
2026,Redbridge,Fairlop,Mark James Vince,Liberal Democrats,,,,,,Pending count,#FAA61A,,,42.0,,,,10204,3,candidates_published_votes_pending,https://www.redbridge.gov.uk/voting-and-elections/local-election-results/
2026,Redbridge,Fullwell,Gowri Satish Adimulam,Local Conservatives,,,,,,Pending count,#0087DC,,,42.33,,,,11543,3,candidates_published_votes_pending,https://www.redbridge.gov.uk/voting-and-elections/local-election-results/
2026,Redbridge,Fullwell,James Anderson,Reform UK,,,,,,Pending count,#12B6CF,,,42.33,,,,11543,3,candidates_published_votes_pending,https://www.redbridge.gov.uk/voting-and-elections/local-election-results/
2026,Redbridge,Fullwell,Imran Arshad,Redbridge Independents,,,,,,Pending count,#7C3AED,,,42.33,,,,11543,3,candidates_published_votes_pending,https://www.redbridge.gov.uk/voting-and-elections/local-election-results/
2026,Redbridge,Fullwell,Lee Michael Burkwood,Green Party Candidate,,,,,,Pending count,#02A95B,,,42.33,,,,11543,3,candidates_published_votes_pending,https://www.redbridge.gov.uk/voting-and-elections/local-election-results/
2026,Redbridge,Fullwell,Laura Elliott,Reform UK,,,,,,Pending count,#12B6CF,,,42.33,,,,11543,3,candidates_published_votes_pending,https://www.redbridge.gov.uk/voting-and-elections/local-election-results/
2026,Redbridge,Fullwell,Matthew Goddin,Labour Party,,,,,,Pending count,#E4003B,,,42.33,,,,11543,3,candidates_published_votes_pending,https://www.redbridge.gov.uk/voting-and-elections/local-election-results/
2026,Redbridge,Fullwell,Arpan Mahajan,Local Conservatives,,,,,,Pending count,#0087DC,,,42.33,,,,11543,3,candidates_published_votes_pending,https://www.redbridge.gov.uk/voting-and-elections/local-election-results/
2026,Redbridge,Fullwell,Ghazala Muhammad,Redbridge Independents,,,,,,Pending count,#7C3AED,,,42.33,,,,11543,3,candidates_published_votes_pending,https://www.redbridge.gov.uk/voting-and-elections/local-election-results/
2026,Redbridge,Fullwell,Linda Anne Mullis,Labour Party,,,,,,Pending count,#E4003B,,,42.33,,,,11543,3,candidates_published_votes_pending,https://www.redbridge.gov.uk/voting-and-elections/local-election-results/
2026,Redbridge,Fullwell,Sara Nazir,Redbridge Independents,,,,,,Pending count,#7C3AED,,,42.33,,,,11543,3,candidates_published_votes_pending,https://www.redbridge.gov.uk/voting-and-elections/local-election-results/
2026,Redbridge,Fullwell,Amir Ijaz Sandhu,Green Party Candidate,,,,,,Pending count,#02A95B,,,42.33,,,,11543,3,candidates_published_votes_pending,https://www.redbridge.gov.uk/voting-and-elections/local-election-results/
2026,Redbridge,Fullwell,Amanda Swords,Reform UK,,,,,,Pending count,#12B6CF,,,42.33,,,,11543,3,candidates_published_votes_pending,https://www.redbridge.gov.uk/voting-and-elections/local-election-results/
2026,Redbridge,Fullwell,Vibhu Taneja,Labour Party,,,,,,Pending count,#E4003B,,,42.33,,,,11543,3,candidates_published_votes_pending,https://www.redbridge.gov.uk/voting-and-elections/local-election-results/
2026,Redbridge,Fullwell,Vrindha Vaishnav,Local Conservatives,,,,,,Pending count,#0087DC,,,42.33,,,,11543,3,candidates_published_votes_pending,https://www.redbridge.gov.uk/voting-and-elections/local-election-results/
2026,Redbridge,Fullwell,Fahad Zeeshan,Green Party Candidate,,,,,,Pending count,#02A95B,,,42.33,,,,11543,3,candidates_published_votes_pending,https://www.redbridge.gov.uk/voting-and-elections/local-election-results/
2026,Redbridge,Goodmayes,Shorif Hossain Akhonda,Labour Party,,,,,,Pending count,#E4003B,,,34.57,,,,10594,3,candidates_published_votes_pending,https://www.redbridge.gov.uk/voting-and-elections/local-election-results/
2026,Redbridge,Goodmayes,Maureen Ashley,Conservative Party,,,,,,Pending count,#0087DC,,,34.57,,,,10594,3,candidates_published_votes_pending,https://www.redbridge.gov.uk/voting-and-elections/local-election-results/
2026,Redbridge,Goodmayes,Amina Azmath,Redbridge Independents,,,,,,Pending count,#7C3AED,,,34.57,,,,10594,3,candidates_published_votes_pending,https://www.redbridge.gov.uk/voting-and-elections/local-election-results/
2026,Redbridge,Goodmayes,Chacko Bibin,Reform UK,,,,,,Pending count,#12B6CF,,,34.57,,,,10594,3,candidates_published_votes_pending,https://www.redbridge.gov.uk/voting-and-elections/local-election-results/
2026,Redbridge,Goodmayes,Hannah Chapman,Reform UK,,,,,,Pending count,#12B6CF,,,34.57,,,,10594,3,candidates_published_votes_pending,https://www.redbridge.gov.uk/voting-and-elections/local-election-results/
2026,Redbridge,Goodmayes,Helen Choudhury,Green Party Candidate,,,,,,Pending count,#02A95B,,,34.57,,,,10594,3,candidates_published_votes_pending,https://www.redbridge.gov.uk/voting-and-elections/local-election-results/
2026,Redbridge,Goodmayes,Mohammed Abul Kashem Chowdhury,Conservative Party,,,,,,Pending count,#0087DC,,,34.57,,,,10594,3,candidates_published_votes_pending,https://www.redbridge.gov.uk/voting-and-elections/local-election-results/
2026,Redbridge,Goodmayes,Ben Oliver Alan Cornish,Labour Party,,,,,,Pending count,#E4003B,,,34.57,,,,10594,3,candidates_published_votes_pending,https://www.redbridge.gov.uk/voting-and-elections/local-election-results/
2026,Redbridge,Goodmayes,Prabjit Gurm,Labour Party,,,,,,Pending count,#E4003B,,,34.57,,,,10594,3,candidates_published_votes_pending,https://www.redbridge.gov.uk/voting-and-elections/local-election-results/
2026,Redbridge,Goodmayes,Amjad Iqbal,Green Party Candidate,,,,,,Pending count,#02A95B,,,34.57,,,,10594,3,candidates_published_votes_pending,https://www.redbridge.gov.uk/voting-and-elections/local-election-results/
2026,Redbridge,Goodmayes,Shorful Islam,Redbridge Independents,,,,,,Pending count,#7C3AED,,,34.57,,,,10594,3,candidates_published_votes_pending,https://www.redbridge.gov.uk/voting-and-elections/local-election-results/
2026,Redbridge,Goodmayes,Spencer Rose,Reform UK,,,,,,Pending count,#12B6CF,,,34.57,,,,10594,3,candidates_published_votes_pending,https://www.redbridge.gov.uk/voting-and-elections/local-election-results/
2026,Redbridge,Goodmayes,Robin Thakur,Conservative Party,,,,,,Pending count,#0087DC,,,34.57,,,,10594,3,candidates_published_votes_pending,https://www.redbridge.gov.uk/voting-and-elections/local-election-results/
2026,Redbridge,Goodmayes,John Charles Tyne,Green Party Candidate,,,,,,Pending count,#02A95B,,,34.57,,,,10594,3,candidates_published_votes_pending,https://www.redbridge.gov.uk/voting-and-elections/local-election-results/
2026,Redbridge,Goodmayes,Humera Yasin,Redbridge Independents,,,,,,Pending count,#7C3AED,,,34.57,,,,10594,3,candidates_published_votes_pending,https://www.redbridge.gov.uk/voting-and-elections/local-election-results/
2026,Redbridge,Hainault,Rana Riaz Ahmad,Redbridge Independents,,,,,,Pending count,#7C3AED,,,38.93,,,,10890,3,candidates_published_votes_pending,https://www.redbridge.gov.uk/voting-and-elections/local-election-results/
2026,Redbridge,Hainault,Shah Muhammad Jahir Ali,Labour Party,,,,,,Pending count,#E4003B,,,38.93,,,,10890,3,candidates_published_votes_pending,https://www.redbridge.gov.uk/voting-and-elections/local-election-results/
2026,Redbridge,Hainault,Neil Philip Anderson,Reform UK,,,,,,Pending count,#12B6CF,,,38.93,,,,10890,3,candidates_published_votes_pending,https://www.redbridge.gov.uk/voting-and-elections/local-election-results/
2026,Redbridge,Hainault,Pamkaj Laxmidas Baldev,Local Conservatives,,,,,,Pending count,#0087DC,,,38.93,,,,10890,3,candidates_published_votes_pending,https://www.redbridge.gov.uk/voting-and-elections/local-election-results/
2026,Redbridge,Hainault,Sunil Bali,Reform UK,,,,,,Pending count,#12B6CF,,,38.93,,,,10890,3,candidates_published_votes_pending,https://www.redbridge.gov.uk/voting-and-elections/local-election-results/
2026,Redbridge,Hainault,Piotr Pawel Berndt,Liberal Democrats,,,,,,Pending count,#FAA61A,,,38.93,,,,10890,3,candidates_published_votes_pending,https://www.redbridge.gov.uk/voting-and-elections/local-election-results/
2026,Redbridge,Hainault,Pushpita Gupta,Labour Party,,,,,,Pending count,#E4003B,,,38.93,,,,10890,3,candidates_published_votes_pending,https://www.redbridge.gov.uk/voting-and-elections/local-election-results/
2026,Redbridge,Hainault,Sylvester Lewis,Reform UK,,,,,,Pending count,#12B6CF,,,38.93,,,,10890,3,candidates_published_votes_pending,https://www.redbridge.gov.uk/voting-and-elections/local-election-results/
2026,Redbridge,Hainault,Helen Mullis,Labour Party,,,,,,Pending count,#E4003B,,,38.93,,,,10890,3,candidates_published_votes_pending,https://www.redbridge.gov.uk/voting-and-elections/local-election-results/
2026,Redbridge,Hainault,Kamaldeep Singh,Local Conservatives,,,,,,Pending count,#0087DC,,,38.93,,,,10890,3,candidates_published_votes_pending,https://www.redbridge.gov.uk/voting-and-elections/local-election-results/
2026,Redbridge,Hainault,Cat Still,Green Party Candidate,,,,,,Pending count,#02A95B,,,38.93,,,,10890,3,candidates_published_votes_pending,https://www.redbridge.gov.uk/voting-and-elections/local-election-results/
2026,Redbridge,Hainault,Prabhu Vasudevan,Local Conservatives,,,,,,Pending count,#0087DC,,,38.93,,,,10890,3,candidates_published_votes_pending,https://www.redbridge.gov.uk/voting-and-elections/local-election-results/
2026,Redbridge,Ilford Town,Saima Ahmed,Labour Party,,,,,,Pending count,#E4003B,,,34.47,,,,7900,2,candidates_published_votes_pending,https://www.redbridge.gov.uk/voting-and-elections/local-election-results/
2026,Redbridge,Ilford Town,Hossain Mohammed Enamul,Redbridge Independents,,,,,,Pending count,#7C3AED,,,34.47,,,,7900,2,candidates_published_votes_pending,https://www.redbridge.gov.uk/voting-and-elections/local-election-results/
2026,Redbridge,Ilford Town,Roger Fallows,Reform UK,,,,,,Pending count,#12B6CF,,,34.47,,,,7900,2,candidates_published_votes_pending,https://www.redbridge.gov.uk/voting-and-elections/local-election-results/
2026,Redbridge,Ilford Town,Mohammed Ashfaque Zaman Khan,Liberal Democrats,,,,,,Pending count,#FAA61A,,,34.47,,,,7900,2,candidates_published_votes_pending,https://www.redbridge.gov.uk/voting-and-elections/local-election-results/
2026,Redbridge,Ilford Town,Naresh Maharaj,Reform UK,,,,,,Pending count,#12B6CF,,,34.47,,,,7900,2,candidates_published_votes_pending,https://www.redbridge.gov.uk/voting-and-elections/local-election-results/
2026,Redbridge,Ilford Town,Zahirul Islam Mirdha,Conservative Party,,,,,,Pending count,#0087DC,,,34.47,,,,7900,2,candidates_published_votes_pending,https://www.redbridge.gov.uk/voting-and-elections/local-election-results/
2026,Redbridge,Ilford Town,Isaac Odejimi,Conservative Party,,,,,,Pending count,#0087DC,,,34.47,,,,7900,2,candidates_published_votes_pending,https://www.redbridge.gov.uk/voting-and-elections/local-election-results/
2026,Redbridge,Ilford Town,Firoz Patel,Redbridge Independents,,,,,,Pending count,#7C3AED,,,34.47,,,,7900,2,candidates_published_votes_pending,https://www.redbridge.gov.uk/voting-and-elections/local-election-results/
2026,Redbridge,Ilford Town,Shoaib Patel,Labour Party,,,,,,Pending count,#E4003B,,,34.47,,,,7900,2,candidates_published_votes_pending,https://www.redbridge.gov.uk/voting-and-elections/local-election-results/
2026,Redbridge,Ilford Town,Syed Shumon Siddiqi,Green Party Candidate,,,,,,Pending count,#02A95B,,,34.47,,,,7900,2,candidates_published_votes_pending,https://www.redbridge.gov.uk/voting-and-elections/local-election-results/
2026,Redbridge,Loxford,Muhammad Naseer Afzal,Redbridge Matters,,,,,,Pending count,#EC4899,,,30.97,,,,10277,3,candidates_published_votes_pending,https://www.redbridge.gov.uk/voting-and-elections/local-election-results/
2026,Redbridge,Loxford,Iqbal Ahmed,Redbridge Independents,,,,,,Pending count,#7C3AED,,,30.97,,,,10277,3,candidates_published_votes_pending,https://www.redbridge.gov.uk/voting-and-elections/local-election-results/
2026,Redbridge,Loxford,Ruthba Amin,Redbridge Independents,,,,,,Pending count,#7C3AED,,,30.97,,,,10277,3,candidates_published_votes_pending,https://www.redbridge.gov.uk/voting-and-elections/local-election-results/
2026,Redbridge,Loxford,Nisa Firdaus,Green Party Candidate,,,,,,Pending count,#02A95B,,,30.97,,,,10277,3,candidates_published_votes_pending,https://www.redbridge.gov.uk/voting-and-elections/local-election-results/
2026,Redbridge,Loxford,Poonam Gaur,Conservative Party,,,,,,Pending count,#0087DC,,,30.97,,,,10277,3,candidates_published_votes_pending,https://www.redbridge.gov.uk/voting-and-elections/local-election-results/
2026,Redbridge,Loxford,Aleska Hossain,Conservative Party,,,,,,Pending count,#0087DC,,,30.97,,,,10277,3,candidates_published_votes_pending,https://www.redbridge.gov.uk/voting-and-elections/local-election-results/
2026,Redbridge,Loxford,Jaffry Jaman,Independent,,,,,,Pending count,#A3A3A3,,,30.97,,,,10277,3,candidates_published_votes_pending,https://www.redbridge.gov.uk/voting-and-elections/local-election-results/
2026,Redbridge,Loxford,Tad Jani,Reform UK,,,,,,Pending count,#12B6CF,,,30.97,,,,10277,3,candidates_published_votes_pending,https://www.redbridge.gov.uk/voting-and-elections/local-election-results/
2026,Redbridge,Loxford,Razaul Karim,Conservative Party,,,,,,Pending count,#0087DC,,,30.97,,,,10277,3,candidates_published_votes_pending,https://www.redbridge.gov.uk/voting-and-elections/local-election-results/
2026,Redbridge,Loxford,Ramona Mitrache,Redbridge Independents,,,,,,Pending count,#7C3AED,,,30.97,,,,10277,3,candidates_published_votes_pending,https://www.redbridge.gov.uk/voting-and-elections/local-election-results/
2026,Redbridge,Loxford,Kashif Naqvi,Green Party Candidate,,,,,,Pending count,#02A95B,,,30.97,,,,10277,3,candidates_published_votes_pending,https://www.redbridge.gov.uk/voting-and-elections/local-election-results/
2026,Redbridge,Loxford,Michael Noel,Reform UK,,,,,,Pending count,#12B6CF,,,30.97,,,,10277,3,candidates_published_votes_pending,https://www.redbridge.gov.uk/voting-and-elections/local-election-results/
2026,Redbridge,Loxford,Ataur Rahman,Redbridge Matters,,,,,,Pending count,#EC4899,,,30.97,,,,10277,3,candidates_published_votes_pending,https://www.redbridge.gov.uk/voting-and-elections/local-election-results/
2026,Redbridge,Loxford,Foyzur Rahman,Labour Party,,,,,,Pending count,#E4003B,,,30.97,,,,10277,3,candidates_published_votes_pending,https://www.redbridge.gov.uk/voting-and-elections/local-election-results/
2026,Redbridge,Loxford,Mazhar Saleem,Labour Party,,,,,,Pending count,#E4003B,,,30.97,,,,10277,3,candidates_published_votes_pending,https://www.redbridge.gov.uk/voting-and-elections/local-election-results/
2026,Redbridge,Loxford,Mohsin Toga,Green Party Candidate,,,,,,Pending count,#02A95B,,,30.97,,,,10277,3,candidates_published_votes_pending,https://www.redbridge.gov.uk/voting-and-elections/local-election-results/
2026,Redbridge,Loxford,Sahdia Ehsan Warraich,Labour Party,,,,,,Pending count,#E4003B,,,30.97,,,,10277,3,candidates_published_votes_pending,https://www.redbridge.gov.uk/voting-and-elections/local-election-results/
2026,Redbridge,Mayfield,Ijaz Amjad,Green Party Candidate,,,,,,Pending count,#02A95B,,,37.09,,,,10598,3,candidates_published_votes_pending,https://www.redbridge.gov.uk/voting-and-elections/local-election-results/
2026,Redbridge,Mayfield,Imran Awan,Green Party Candidate,,,,,,Pending count,#02A95B,,,37.09,,,,10598,3,candidates_published_votes_pending,https://www.redbridge.gov.uk/voting-and-elections/local-election-results/
2026,Redbridge,Mayfield,Noor Jahan Begum,Redbridge Independents,,,,,,Pending count,#7C3AED,,,37.09,,,,10598,3,candidates_published_votes_pending,https://www.redbridge.gov.uk/voting-and-elections/local-election-results/
2026,Redbridge,Mayfield,Rishi Sharma Bhagi,Labour Party,,,,,,Pending count,#E4003B,,,37.09,,,,10598,3,candidates_published_votes_pending,https://www.redbridge.gov.uk/voting-and-elections/local-election-results/
2026,Redbridge,Mayfield,Matthew Alexander Cole,Conservative Party,,,,,,Pending count,#0087DC,,,37.09,,,,10598,3,candidates_published_votes_pending,https://www.redbridge.gov.uk/voting-and-elections/local-election-results/
2026,Redbridge,Mayfield,Sharad Desai,Reform UK,,,,,,Pending count,#12B6CF,,,37.09,,,,10598,3,candidates_published_votes_pending,https://www.redbridge.gov.uk/voting-and-elections/local-election-results/
2026,Redbridge,Mayfield,Russel Dias,Conservative Party,,,,,,Pending count,#0087DC,,,37.09,,,,10598,3,candidates_published_votes_pending,https://www.redbridge.gov.uk/voting-and-elections/local-election-results/
2026,Redbridge,Mayfield,Joanne Nicola Hennessey,Reform UK,,,,,,Pending count,#12B6CF,,,37.09,,,,10598,3,candidates_published_votes_pending,https://www.redbridge.gov.uk/voting-and-elections/local-election-results/
2026,Redbridge,Mayfield,Harneek Kaur,Labour Party,,,,,,Pending count,#E4003B,,,37.09,,,,10598,3,candidates_published_votes_pending,https://www.redbridge.gov.uk/voting-and-elections/local-election-results/
2026,Redbridge,Mayfield,Tanweer Akhtar Khan,Labour Party,,,,,,Pending count,#E4003B,,,37.09,,,,10598,3,candidates_published_votes_pending,https://www.redbridge.gov.uk/voting-and-elections/local-election-results/
2026,Redbridge,Mayfield,Bilal Muhammad,Redbridge Independents,,,,,,Pending count,#7C3AED,,,37.09,,,,10598,3,candidates_published_votes_pending,https://www.redbridge.gov.uk/voting-and-elections/local-election-results/
2026,Redbridge,Mayfield,Carl Odell,Reform UK,,,,,,Pending count,#12B6CF,,,37.09,,,,10598,3,candidates_published_votes_pending,https://www.redbridge.gov.uk/voting-and-elections/local-election-results/
2026,Redbridge,Mayfield,Edreis Rizwan,Redbridge Independents,,,,,,Pending count,#7C3AED,,,37.09,,,,10598,3,candidates_published_votes_pending,https://www.redbridge.gov.uk/voting-and-elections/local-election-results/
2026,Redbridge,Mayfield,Eva Marta Takacs,Green Party Candidate,,,,,,Pending count,#02A95B,,,37.09,,,,10598,3,candidates_published_votes_pending,https://www.redbridge.gov.uk/voting-and-elections/local-election-results/
2026,Redbridge,Mayfield,Azmain Tazwar,Conservative Party,,,,,,Pending count,#0087DC,,,37.09,,,,10598,3,candidates_published_votes_pending,https://www.redbridge.gov.uk/voting-and-elections/local-election-results/
2026,Redbridge,Monkhams,Gerald Bouchier,Reform UK,,,,,,Pending count,#12B6CF,,,52.52,,,,7333,2,candidates_published_votes_pending,https://www.redbridge.gov.uk/voting-and-elections/local-election-results/
2026,Redbridge,Monkhams,Timothy John Harris,Green Party Candidate,,,,,,Pending count,#02A95B,,,52.52,,,,7333,2,candidates_published_votes_pending,https://www.redbridge.gov.uk/voting-and-elections/local-election-results/
2026,Redbridge,Monkhams,Joel Anthony Herga,Conservative Party,,,,,,Pending count,#0087DC,,,52.52,,,,7333,2,candidates_published_votes_pending,https://www.redbridge.gov.uk/voting-and-elections/local-election-results/
2026,Redbridge,Monkhams,Claire Frazer Hunt,Liberal Democrats,,,,,,Pending count,#FAA61A,,,52.52,,,,7333,2,candidates_published_votes_pending,https://www.redbridge.gov.uk/voting-and-elections/local-election-results/
2026,Redbridge,Monkhams,Romana Kousar,Labour Party,,,,,,Pending count,#E4003B,,,52.52,,,,7333,2,candidates_published_votes_pending,https://www.redbridge.gov.uk/voting-and-elections/local-election-results/
2026,Redbridge,Monkhams,Jordan Patrick Meakin,Green Party Candidate,,,,,,Pending count,#02A95B,,,52.52,,,,7333,2,candidates_published_votes_pending,https://www.redbridge.gov.uk/voting-and-elections/local-election-results/
2026,Redbridge,Monkhams,Chris Portou,Liberal Democrats,,,,,,Pending count,#FAA61A,,,52.52,,,,7333,2,candidates_published_votes_pending,https://www.redbridge.gov.uk/voting-and-elections/local-election-results/
2026,Redbridge,Monkhams,Ghandhimathy Sooriyakumar,Labour Party,,,,,,Pending count,#E4003B,,,52.52,,,,7333,2,candidates_published_votes_pending,https://www.redbridge.gov.uk/voting-and-elections/local-election-results/
2026,Redbridge,Monkhams,Clark Edward Vasey,Conservative Party,,,,,,Pending count,#0087DC,,,52.52,,,,7333,2,candidates_published_votes_pending,https://www.redbridge.gov.uk/voting-and-elections/local-election-results/
2026,Redbridge,Monkhams,Savan Vyas,Reform UK,,,,,,Pending count,#12B6CF,,,52.52,,,,7333,2,candidates_published_votes_pending,https://www.redbridge.gov.uk/voting-and-elections/local-election-results/
2026,Redbridge,Newbury,Tanvir Ahmed,Redbridge Independents,,,,,,Pending count,#7C3AED,,,42.3,,,,9905,3,candidates_published_votes_pending,https://www.redbridge.gov.uk/voting-and-elections/local-election-results/
2026,Redbridge,Newbury,Sunny Brar,Labour Party,,,,,,Pending count,#E4003B,,,42.3,,,,9905,3,candidates_published_votes_pending,https://www.redbridge.gov.uk/voting-and-elections/local-election-results/
2026,Redbridge,Newbury,Syeda Lovely Choudhury,Labour Party,,,,,,Pending count,#E4003B,,,42.3,,,,9905,3,candidates_published_votes_pending,https://www.redbridge.gov.uk/voting-and-elections/local-election-results/
2026,Redbridge,Newbury,Winslow Bernard Green,Redbridge Independents,,,,,,Pending count,#7C3AED,,,42.3,,,,9905,3,candidates_published_votes_pending,https://www.redbridge.gov.uk/voting-and-elections/local-election-results/
2026,Redbridge,Newbury,Ibtasum Iktador,Conservative Party,,,,,,Pending count,#0087DC,,,42.3,,,,9905,3,candidates_published_votes_pending,https://www.redbridge.gov.uk/voting-and-elections/local-election-results/
2026,Redbridge,Newbury,Aslam Mohammed Iqbal,Redbridge Independents,,,,,,Pending count,#7C3AED,,,42.3,,,,9905,3,candidates_published_votes_pending,https://www.redbridge.gov.uk/voting-and-elections/local-election-results/
2026,Redbridge,Newbury,Thavathuray Jeyaranjan,Labour Party,,,,,,Pending count,#E4003B,,,42.3,,,,9905,3,candidates_published_votes_pending,https://www.redbridge.gov.uk/voting-and-elections/local-election-results/
2026,Redbridge,Newbury,Chloe Juliette,Green Party Candidate,,,,,,Pending count,#02A95B,,,42.3,,,,9905,3,candidates_published_votes_pending,https://www.redbridge.gov.uk/voting-and-elections/local-election-results/
2026,Redbridge,Newbury,Samia Chidera Emeka Nneji,Green Party Candidate,,,,,,Pending count,#02A95B,,,42.3,,,,9905,3,candidates_published_votes_pending,https://www.redbridge.gov.uk/voting-and-elections/local-election-results/
2026,Redbridge,Newbury,Olakunle Olaifa,Conservative Party,,,,,,Pending count,#0087DC,,,42.3,,,,9905,3,candidates_published_votes_pending,https://www.redbridge.gov.uk/voting-and-elections/local-election-results/
2026,Redbridge,Newbury,Maulik Pravinchandra Patel,Green Party Candidate,,,,,,Pending count,#02A95B,,,42.3,,,,9905,3,candidates_published_votes_pending,https://www.redbridge.gov.uk/voting-and-elections/local-election-results/
2026,Redbridge,Newbury,Stanley Segor,Reform UK,,,,,,Pending count,#12B6CF,,,42.3,,,,9905,3,candidates_published_votes_pending,https://www.redbridge.gov.uk/voting-and-elections/local-election-results/
2026,Redbridge,Newbury,Moazzam Sultan,Conservative Party,,,,,,Pending count,#0087DC,,,42.3,,,,9905,3,candidates_published_votes_pending,https://www.redbridge.gov.uk/voting-and-elections/local-election-results/
2026,Redbridge,Newbury,Strungaru Vitalie,Reform UK,,,,,,Pending count,#12B6CF,,,42.3,,,,9905,3,candidates_published_votes_pending,https://www.redbridge.gov.uk/voting-and-elections/local-election-results/
2026,Redbridge,Seven Kings,Imran Ahmed,Redbridge Independents,,,,,,Pending count,#7C3AED,,,39.36,,,,10346,3,candidates_published_votes_pending,https://www.redbridge.gov.uk/voting-and-elections/local-election-results/
2026,Redbridge,Seven Kings,Awab Bahri,Green Party Candidate,,,,,,Pending count,#02A95B,,,39.36,,,,10346,3,candidates_published_votes_pending,https://www.redbridge.gov.uk/voting-and-elections/local-election-results/
2026,Redbridge,Seven Kings,Vanisha Surendra Bharti Solanki,Labour Party,,,,,,Pending count,#E4003B,,,39.36,,,,10346,3,candidates_published_votes_pending,https://www.redbridge.gov.uk/voting-and-elections/local-election-results/
2026,Redbridge,Seven Kings,Chiara Castelli,Reform UK,,,,,,Pending count,#12B6CF,,,39.36,,,,10346,3,candidates_published_votes_pending,https://www.redbridge.gov.uk/voting-and-elections/local-election-results/
2026,Redbridge,Seven Kings,Kes Choudhery,Redbridge Independents,,,,,,Pending count,#7C3AED,,,39.36,,,,10346,3,candidates_published_votes_pending,https://www.redbridge.gov.uk/voting-and-elections/local-election-results/
2026,Redbridge,Seven Kings,Tony Csoka,Green Party Candidate,,,,,,Pending count,#02A95B,,,39.36,,,,10346,3,candidates_published_votes_pending,https://www.redbridge.gov.uk/voting-and-elections/local-election-results/
2026,Redbridge,Seven Kings,Nav Johal,Labour Party,,,,,,Pending count,#E4003B,,,39.36,,,,10346,3,candidates_published_votes_pending,https://www.redbridge.gov.uk/voting-and-elections/local-election-results/
2026,Redbridge,Seven Kings,Thomas Kempster,Reform UK,,,,,,Pending count,#12B6CF,,,39.36,,,,10346,3,candidates_published_votes_pending,https://www.redbridge.gov.uk/voting-and-elections/local-election-results/
2026,Redbridge,Seven Kings,Sadiq Yakub Kothia,Labour Party,,,,,,Pending count,#E4003B,,,39.36,,,,10346,3,candidates_published_votes_pending,https://www.redbridge.gov.uk/voting-and-elections/local-election-results/
2026,Redbridge,Seven Kings,Mohammed Khaled Noor,Redbridge Matters,,,,,,Pending count,#EC4899,,,39.36,,,,10346,3,candidates_published_votes_pending,https://www.redbridge.gov.uk/voting-and-elections/local-election-results/
2026,Redbridge,Seven Kings,Dak Patel,Conservative Party,,,,,,Pending count,#0087DC,,,39.36,,,,10346,3,candidates_published_votes_pending,https://www.redbridge.gov.uk/voting-and-elections/local-election-results/
2026,Redbridge,Seven Kings,Mir Maqdoom Hai Qamer Ali,Conservative Party,,,,,,Pending count,#0087DC,,,39.36,,,,10346,3,candidates_published_votes_pending,https://www.redbridge.gov.uk/voting-and-elections/local-election-results/
2026,Redbridge,Seven Kings,Usman Rasheed,Conservative Party,,,,,,Pending count,#0087DC,,,39.36,,,,10346,3,candidates_published_votes_pending,https://www.redbridge.gov.uk/voting-and-elections/local-election-results/
2026,Redbridge,Seven Kings,Abdur Rashid,Redbridge Matters,,,,,,Pending count,#EC4899,,,39.36,,,,10346,3,candidates_published_votes_pending,https://www.redbridge.gov.uk/voting-and-elections/local-election-results/
2026,Redbridge,Seven Kings,Andy Walker,Redbridge Trade Union Party,,,,,,Pending count,#DC2626,,,39.36,,,,10346,3,candidates_published_votes_pending,https://www.redbridge.gov.uk/voting-and-elections/local-election-results/
2026,Redbridge,Seven Kings,Rayhana Yasmin,Redbridge Independents,,,,,,Pending count,#7C3AED,,,39.36,,,,10346,3,candidates_published_votes_pending,https://www.redbridge.gov.uk/voting-and-elections/local-election-results/
2026,Redbridge,South Woodford,Crispin William Acton,Liberal Democrats,,,,,,Pending count,#FAA61A,,,49.67,,,,8994,3,candidates_published_votes_pending,https://www.redbridge.gov.uk/voting-and-elections/local-election-results/
2026,Redbridge,South Woodford,Beverley Lisa Brewer,Labour Party,,,,,,Pending count,#E4003B,,,49.67,,,,8994,3,candidates_published_votes_pending,https://www.redbridge.gov.uk/voting-and-elections/local-election-results/
2026,Redbridge,South Woodford,Paul Canal,Conservative Party,,,,,,Pending count,#0087DC,,,49.67,,,,8994,3,candidates_published_votes_pending,https://www.redbridge.gov.uk/voting-and-elections/local-election-results/
2026,Redbridge,South Woodford,Sam Chapman,Reform UK,,,,,,Pending count,#12B6CF,,,49.67,,,,8994,3,candidates_published_votes_pending,https://www.redbridge.gov.uk/voting-and-elections/local-election-results/
2026,Redbridge,South Woodford,Robert Alexander Cole,Conservative Party,,,,,,Pending count,#0087DC,,,49.67,,,,8994,3,candidates_published_votes_pending,https://www.redbridge.gov.uk/voting-and-elections/local-election-results/
2026,Redbridge,South Woodford,Kallan Greybe,Green Party Candidate,,,,,,Pending count,#02A95B,,,49.67,,,,8994,3,candidates_published_votes_pending,https://www.redbridge.gov.uk/voting-and-elections/local-election-results/
2026,Redbridge,South Woodford,Joe Hehir,Labour Party,,,,,,Pending count,#E4003B,,,49.67,,,,8994,3,candidates_published_votes_pending,https://www.redbridge.gov.uk/voting-and-elections/local-election-results/
2026,Redbridge,South Woodford,Jaya Narinesingh,Green Party Candidate,,,,,,Pending count,#02A95B,,,49.67,,,,8994,3,candidates_published_votes_pending,https://www.redbridge.gov.uk/voting-and-elections/local-election-results/
2026,Redbridge,South Woodford,Robert John Newman,Labour Party,,,,,,Pending count,#E4003B,,,49.67,,,,8994,3,candidates_published_votes_pending,https://www.redbridge.gov.uk/voting-and-elections/local-election-results/
2026,Redbridge,South Woodford,Suzanne Nolan,Conservative Party,,,,,,Pending count,#0087DC,,,49.67,,,,8994,3,candidates_published_votes_pending,https://www.redbridge.gov.uk/voting-and-elections/local-election-results/
2026,Redbridge,South Woodford,Monika Patel,Green Party Candidate,,,,,,Pending count,#02A95B,,,49.67,,,,8994,3,candidates_published_votes_pending,https://www.redbridge.gov.uk/voting-and-elections/local-election-results/
2026,Redbridge,South Woodford,Jonathan Santaub,Reform UK,,,,,,Pending count,#12B6CF,,,49.67,,,,8994,3,candidates_published_votes_pending,https://www.redbridge.gov.uk/voting-and-elections/local-election-results/
2026,Redbridge,South Woodford,Scott Raymond Wilding,Liberal Democrats,,,,,,Pending count,#FAA61A,,,49.67,,,,8994,3,candidates_published_votes_pending,https://www.redbridge.gov.uk/voting-and-elections/local-election-results/
2026,Redbridge,South Woodford,Sam Windle,Reform UK,,,,,,Pending count,#12B6CF,,,49.67,,,,8994,3,candidates_published_votes_pending,https://www.redbridge.gov.uk/voting-and-elections/local-election-results/
2026,Redbridge,Valentines,Waheed Arshad,Green Party Candidate,,,,,,Pending count,#02A95B,,,38.94,,,,10733,3,candidates_published_votes_pending,https://www.redbridge.gov.uk/voting-and-elections/local-election-results/
2026,Redbridge,Valentines,Neil Bell,Liberal Democrats,,,,,,Pending count,#FAA61A,,,38.94,,,,10733,3,candidates_published_votes_pending,https://www.redbridge.gov.uk/voting-and-elections/local-election-results/
2026,Redbridge,Valentines,Priti Bhatawadekar,Local Conservatives,,,,,,Pending count,#0087DC,,,38.94,,,,10733,3,candidates_published_votes_pending,https://www.redbridge.gov.uk/voting-and-elections/local-election-results/
2026,Redbridge,Valentines,Daniel Blackwell,Reform UK,,,,,,Pending count,#12B6CF,,,38.94,,,,10733,3,candidates_published_votes_pending,https://www.redbridge.gov.uk/voting-and-elections/local-election-results/
2026,Redbridge,Valentines,Frederick Brown,Reform UK,,,,,,Pending count,#12B6CF,,,38.94,,,,10733,3,candidates_published_votes_pending,https://www.redbridge.gov.uk/voting-and-elections/local-election-results/
2026,Redbridge,Valentines,Alex Charlton-Holmes,Labour Party,,,,,,Pending count,#E4003B,,,38.94,,,,10733,3,candidates_published_votes_pending,https://www.redbridge.gov.uk/voting-and-elections/local-election-results/
2026,Redbridge,Valentines,Rashida Khanam Choudhery,Redbridge Independents,,,,,,Pending count,#7C3AED,,,38.94,,,,10733,3,candidates_published_votes_pending,https://www.redbridge.gov.uk/voting-and-elections/local-election-results/
2026,Redbridge,Valentines,Khayer Muhammed Rahman Chowdhury,Labour Party,,,,,,Pending count,#E4003B,,,38.94,,,,10733,3,candidates_published_votes_pending,https://www.redbridge.gov.uk/voting-and-elections/local-election-results/
2026,Redbridge,Valentines,Kumud Datta Joshi,Labour Party,,,,,,Pending count,#E4003B,,,38.94,,,,10733,3,candidates_published_votes_pending,https://www.redbridge.gov.uk/voting-and-elections/local-election-results/
2026,Redbridge,Valentines,Marwan Elfallah,Redbridge Independents,,,,,,Pending count,#7C3AED,,,38.94,,,,10733,3,candidates_published_votes_pending,https://www.redbridge.gov.uk/voting-and-elections/local-election-results/
2026,Redbridge,Valentines,Munaf Iqbal Gani,Redbridge Independents,,,,,,Pending count,#7C3AED,,,38.94,,,,10733,3,candidates_published_votes_pending,https://www.redbridge.gov.uk/voting-and-elections/local-election-results/
2026,Redbridge,Valentines,Anu Kapoor,Local Conservatives,,,,,,Pending count,#0087DC,,,38.94,,,,10733,3,candidates_published_votes_pending,https://www.redbridge.gov.uk/voting-and-elections/local-election-results/
2026,Redbridge,Valentines,Malik Faizan Khalid,Green Party Candidate,,,,,,Pending count,#02A95B,,,38.94,,,,10733,3,candidates_published_votes_pending,https://www.redbridge.gov.uk/voting-and-elections/local-election-results/
2026,Redbridge,Valentines,Brian Mankin,Reform UK,,,,,,Pending count,#12B6CF,,,38.94,,,,10733,3,candidates_published_votes_pending,https://www.redbridge.gov.uk/voting-and-elections/local-election-results/
2026,Redbridge,Valentines,Neelam Pahl,Independent,,,,,,Pending count,#A3A3A3,,,38.94,,,,10733,3,candidates_published_votes_pending,https://www.redbridge.gov.uk/voting-and-elections/local-election-results/
2026,Redbridge,Valentines,Ahsan Uddin,Local Conservatives,,,,,,Pending count,#0087DC,,,38.94,,,,10733,3,candidates_published_votes_pending,https://www.redbridge.gov.uk/voting-and-elections/local-election-results/
2026,Redbridge,Wanstead Park,Nadir Iqbal Gilani,Green Party Candidate,,,,,,Pending count,#02A95B,,,53.06,,,,6021,2,candidates_published_votes_pending,https://www.redbridge.gov.uk/voting-and-elections/local-election-results/
2026,Redbridge,Wanstead Park,Neil Hepworth,Liberal Democrats,,,,,,Pending count,#FAA61A,,,53.06,,,,6021,2,candidates_published_votes_pending,https://www.redbridge.gov.uk/voting-and-elections/local-election-results/
2026,Redbridge,Wanstead Park,Andrew Malcolm Joyce,Reform UK,,,,,,Pending count,#12B6CF,,,53.06,,,,6021,2,candidates_published_votes_pending,https://www.redbridge.gov.uk/voting-and-elections/local-election-results/
2026,Redbridge,Wanstead Park,Simon John Miller,Labour Party,,,,,,Pending count,#E4003B,,,53.06,,,,6021,2,candidates_published_votes_pending,https://www.redbridge.gov.uk/voting-and-elections/local-election-results/
2026,Redbridge,Wanstead Park,Yit Chan Phoenix,Reform UK,,,,,,Pending count,#12B6CF,,,53.06,,,,6021,2,candidates_published_votes_pending,https://www.redbridge.gov.uk/voting-and-elections/local-election-results/
2026,Redbridge,Wanstead Park,Milli Richards Clack,Green Party Candidate,,,,,,Pending count,#02A95B,,,53.06,,,,6021,2,candidates_published_votes_pending,https://www.redbridge.gov.uk/voting-and-elections/local-election-results/
2026,Redbridge,Wanstead Park,Emma Selina Shepherd-Mallinson,Labour Party,,,,,,Pending count,#E4003B,,,53.06,,,,6021,2,candidates_published_votes_pending,https://www.redbridge.gov.uk/voting-and-elections/local-election-results/
2026,Redbridge,Wanstead Park,Paul Anton Smith,Conservative Party,,,,,,Pending count,#0087DC,,,53.06,,,,6021,2,candidates_published_votes_pending,https://www.redbridge.gov.uk/voting-and-elections/local-election-results/
2026,Redbridge,Wanstead Park,David Alexander Thom,Conservative Party,,,,,,Pending count,#0087DC,,,53.06,,,,6021,2,candidates_published_votes_pending,https://www.redbridge.gov.uk/voting-and-elections/local-election-results/
2026,Redbridge,Wanstead Park,Alan Howard Thomas,Liberal Democrats,,,,,,Pending count,#FAA61A,,,53.06,,,,6021,2,candidates_published_votes_pending,https://www.redbridge.gov.uk/voting-and-elections/local-election-results/
2026,Redbridge,Wanstead Village,Md Kabir Ali,Green Party Candidate,,,,,,Pending count,#02A95B,,,51.08,,,,9460,3,candidates_published_votes_pending,https://www.redbridge.gov.uk/voting-and-elections/local-election-results/
2026,Redbridge,Wanstead Village,Jo Blackman,Labour Party,,,,,,Pending count,#E4003B,,,51.08,,,,9460,3,candidates_published_votes_pending,https://www.redbridge.gov.uk/voting-and-elections/local-election-results/
2026,Redbridge,Wanstead Village,William John Collins,Reform UK,,,,,,Pending count,#12B6CF,,,51.08,,,,9460,3,candidates_published_votes_pending,https://www.redbridge.gov.uk/voting-and-elections/local-election-results/
2026,Redbridge,Wanstead Village,Corbyn Leon D'Alanno,Conservative Party,,,,,,Pending count,#0087DC,,,51.08,,,,9460,3,candidates_published_votes_pending,https://www.redbridge.gov.uk/voting-and-elections/local-election-results/
2026,Redbridge,Wanstead Village,David Davies,Reform UK,,,,,,Pending count,#12B6CF,,,51.08,,,,9460,3,candidates_published_votes_pending,https://www.redbridge.gov.uk/voting-and-elections/local-election-results/
2026,Redbridge,Wanstead Village,Mark Gitsham,Liberal Democrats,,,,,,Pending count,#FAA61A,,,51.08,,,,9460,3,candidates_published_votes_pending,https://www.redbridge.gov.uk/voting-and-elections/local-election-results/
2026,Redbridge,Wanstead Village,Neal Krishan Vithlani,Labour Party,,,,,,Pending count,#E4003B,,,51.08,,,,9460,3,candidates_published_votes_pending,https://www.redbridge.gov.uk/voting-and-elections/local-election-results/
2026,Redbridge,Wanstead Village,Sharmon Lewis,Reform UK,,,,,,Pending count,#12B6CF,,,51.08,,,,9460,3,candidates_published_votes_pending,https://www.redbridge.gov.uk/voting-and-elections/local-election-results/
2026,Redbridge,Wanstead Village,Daniel Huw Morgan-Thomas,Labour Party,,,,,,Pending count,#E4003B,,,51.08,,,,9460,3,candidates_published_votes_pending,https://www.redbridge.gov.uk/voting-and-elections/local-election-results/
2026,Redbridge,Wanstead Village,Humza Sair,Liberal Democrats,,,,,,Pending count,#FAA61A,,,51.08,,,,9460,3,candidates_published_votes_pending,https://www.redbridge.gov.uk/voting-and-elections/local-election-results/
2026,Redbridge,Wanstead Village,Mark Evan Scannell,Conservative Party,,,,,,Pending count,#0087DC,,,51.08,,,,9460,3,candidates_published_votes_pending,https://www.redbridge.gov.uk/voting-and-elections/local-election-results/
2026,Redbridge,Wanstead Village,David Smith,Conservative Party,,,,,,Pending count,#0087DC,,,51.08,,,,9460,3,candidates_published_votes_pending,https://www.redbridge.gov.uk/voting-and-elections/local-election-results/
2026,Redbridge,Wanstead Village,Rabiya Tehseen,Green Party Candidate,,,,,,Pending count,#02A95B,,,51.08,,,,9460,3,candidates_published_votes_pending,https://www.redbridge.gov.uk/voting-and-elections/local-election-results/
2026,Redbridge,Wanstead Village,Mohammed Ohid Uddin,Liberal Democrats,,,,,,Pending count,#FAA61A,,,51.08,,,,9460,3,candidates_published_votes_pending,https://www.redbridge.gov.uk/voting-and-elections/local-election-results/
2026,Redbridge,Wanstead Village,Sue Whitehead,Green Party Candidate,,,,,,Pending count,#02A95B,,,51.08,,,,9460,3,candidates_published_votes_pending,https://www.redbridge.gov.uk/voting-and-elections/local-election-results/
